operation_type,cdc_timestamp,batch_date,transaction_id,property_id,listing_id,seller_agent_id,buyer_agent_id,buyer_name,sale_price,sale_date,closing_date,financing_type,down_payment_pct,commission_rate_pct,commission_amount,title_company,transaction_status
INSERT,2026-08-22T00:00:00,2026-08-22,TXN0256067,PT0260189,LST0260189,AG02574,AG02077,Amber Smith MD,320655.26,2026-08-22,2026-10-15,VA Loan,5.7,6.08,19495.84,Fidelity National Title,Completed
INSERT,2026-08-22T00:00:00,2026-08-22,TXN0256068,PT0405113,LST0405113,AG02793,AG00069,Amy Smith,848947.37,2026-08-22,2026-10-14,Conventional Mortgage,8.3,5.15,43720.79,Old Republic Title,Completed
INSERT,2026-08-22T00:00:00,2026-08-22,TXN0256069,PT0458722,LST0458722,AG00829,AG02803,Melissa Cantrell,776012.38,2026-08-22,2026-09-09,Jumbo Loan,19.4,5.55,43068.69,First American Title,Completed
INSERT,2026-08-22T00:00:00,2026-08-22,TXN0256070,PT0198117,LST0198117,AG02829,AG02549,Theresa Elliott,566678.27,2026-08-22,2026-09-18,Jumbo Loan,7.1,5.42,30713.96,Fidelity National Title,Completed
INSERT,2026-08-22T00:00:00,2026-08-22,TXN0256071,PT0129330,LST0129330,AG02354,AG02455,Janet Rogers,256453.21,2026-08-22,2026-10-02,Conventional Mortgage,17.2,5.2,13335.57,First American Title,Completed
INSERT,2026-08-22T00:00:00,2026-08-22,TXN0256072,PT0442395,LST0442395,AG00773,AG00245,Aaron Young,167581.27,2026-08-22,2026-10-20,Conventional Mortgage,9.4,4.69,7859.56,Chicago Title,Completed
INSERT,2026-08-22T00:00:00,2026-08-22,TXN0256073,PT0535411,LST0535411,AG01008,AG02688,Brandi Tran,897003.24,2026-08-22,2026-09-20,Jumbo Loan,17.1,4.82,43235.56,Stewart Title,Completed
INSERT,2026-08-22T00:00:00,2026-08-22,TXN0256074,PT0556677,LST0556677,AG01928,AG02475,Matthew Carpenter,206509.17,2026-08-22,2026-09-19,Conventional Mortgage,19.7,4.98,10284.16,Chicago Title,Completed
INSERT,2026-08-22T00:00:00,2026-08-22,TXN0256075,PT0292759,LST0292759,AG02883,AG02823,Carlos Erickson,217587.73,2026-08-22,2026-09-23,Jumbo Loan,20.2,6.3,13708.03,Old Republic Title,Completed
INSERT,2026-08-22T00:00:00,2026-08-22,TXN0256076,PT0517676,LST0517676,AG02955,AG01504,Ronnie Grant,686627.47,2026-08-22,2026-09-22,Cash,100.0,4.87,33438.76,Old Republic Title,Completed
INSERT,2026-08-22T00:00:00,2026-08-22,TXN0256077,PT0187213,LST0187213,AG00335,AG00400,James Henry,879574.91,2026-08-22,2026-09-16,Conventional Mortgage,9.7,5.23,46001.77,WFG National Title,Completed
INSERT,2026-08-22T00:00:00,2026-08-22,TXN0256078,PT0531383,LST0531383,AG01335,AG02644,Robert Anderson,258191.52,2026-08-22,2026-10-07,FHA Loan,9.1,6.35,16395.16,First American Title,Completed
INSERT,2026-08-22T00:00:00,2026-08-22,TXN0256079,PT0450285,LST0450285,AG00723,AG01662,Leon Hayes,432720.91,2026-08-22,2026-10-01,Conventional Mortgage,8.2,6.2,26828.7,WFG National Title,Completed
INSERT,2026-08-22T00:00:00,2026-08-22,TXN0256080,PT0298562,LST0298562,AG01137,AG01326,James Valdez,750817.93,2026-08-22,2026-09-07,Cash,100.0,4.76,35738.93,Chicago Title,Completed
INSERT,2026-08-22T00:00:00,2026-08-22,TXN0256081,PT0295489,LST0295489,AG00847,AG02216,Robert Gross,403185.35,2026-08-22,2026-10-03,Conventional Mortgage,7.1,5.02,20239.9,Old Republic Title,Completed
INSERT,2026-08-22T00:00:00,2026-08-22,TXN0256082,PT0147771,LST0147771,AG02595,AG01930,Darlene Soto,752867.65,2026-08-22,2026-10-01,FHA Loan,6.2,4.56,34330.76,Stewart Title,Completed
INSERT,2026-08-22T00:00:00,2026-08-22,TXN0256083,PT0392830,LST0392830,AG02879,AG02268,Ashley Fowler,502143.26,2026-08-22,2026-10-05,Conventional Mortgage,4.3,5.3,26613.59,WFG National Title,Completed
INSERT,2026-08-22T00:00:00,2026-08-22,TXN0256084,PT0320027,LST0320027,AG00971,AG00179,Eric Long,1859440.15,2026-08-22,2026-09-22,Conventional Mortgage,3.2,5.34,99294.1,Chicago Title,Completed
INSERT,2026-08-22T00:00:00,2026-08-22,TXN0256085,PT0519048,LST0519048,AG01927,AG00763,Carol Scott,427320.48,2026-08-22,2026-09-12,Cash,100.0,4.56,19485.81,WFG National Title,Completed
INSERT,2026-08-22T00:00:00,2026-08-22,TXN0256086,PT0413486,LST0413486,AG00410,AG00552,Monica Rivera,291088.94,2026-08-22,2026-09-29,Conventional Mortgage,20.7,4.76,13855.83,First American Title,Completed
INSERT,2026-08-22T00:00:00,2026-08-22,TXN0256087,PT0083030,LST0083030,AG02106,AG00977,Victoria Cook,749399.63,2026-08-22,2026-09-28,Conventional Mortgage,14.8,6.18,46312.9,Chicago Title,Completed
INSERT,2026-08-22T00:00:00,2026-08-22,TXN0256088,PT0005263,LST0005263,AG00104,AG01674,Phillip Smith,465610.11,2026-08-22,2026-09-27,Conventional Mortgage,19.2,6.07,28262.53,WFG National Title,Completed
INSERT,2026-08-22T00:00:00,2026-08-22,TXN0256089,PT0248795,LST0248795,AG02335,AG00680,Jason Torres,2875911.74,2026-08-22,2026-10-08,Conventional Mortgage,19.9,5.91,169966.38,Chicago Title,Completed
INSERT,2026-08-22T00:00:00,2026-08-22,TXN0256090,PT0478116,LST0478116,AG00717,AG02428,Joseph Lewis,756607.35,2026-08-22,2026-10-19,Jumbo Loan,23.5,5.6,42370.01,First American Title,Completed
INSERT,2026-08-22T00:00:00,2026-08-22,TXN0256091,PT0214871,LST0214871,AG02596,AG00872,Jo Rice MD,388471.77,2026-08-22,2026-09-30,Conventional Mortgage,15.6,5.97,23191.76,Old Republic Title,Completed
INSERT,2026-08-22T00:00:00,2026-08-22,TXN0256092,PT0206101,LST0206101,AG00690,AG02446,Christopher Perkins,317187.64,2026-08-22,2026-09-23,Cash,100.0,6.02,19094.7,First American Title,Completed
INSERT,2026-08-22T00:00:00,2026-08-22,TXN0256093,PT0260405,LST0260405,AG00883,AG00998,Brooke Davis,344167.97,2026-08-22,2026-09-30,Conventional Mortgage,8.8,5.81,19996.16,WFG National Title,Completed
INSERT,2026-08-22T00:00:00,2026-08-22,TXN0256094,PT0000053,LST0000053,AG02953,AG01385,Justin Carter,463885.25,2026-08-22,2026-09-21,Jumbo Loan,10.4,4.79,22220.1,WFG National Title,Completed
INSERT,2026-08-22T00:00:00,2026-08-22,TXN0256095,PT0206151,LST0206151,AG01550,AG00904,Jimmy Simpson,576447.57,2026-08-22,2026-09-30,Cash,100.0,5.21,30032.92,Chicago Title,Completed
INSERT,2026-08-22T00:00:00,2026-08-22,TXN0256096,PT0373843,LST0373843,AG00353,AG00142,Brooke Cox MD,1223106.01,2026-08-22,2026-09-29,FHA Loan,15.2,4.65,56874.43,Stewart Title,Completed
INSERT,2026-08-22T00:00:00,2026-08-22,TXN0256097,PT0233719,LST0233719,AG00224,AG02870,Ronald Perkins,1248709.79,2026-08-22,2026-09-08,Cash,100.0,6.18,77170.27,WFG National Title,Completed
INSERT,2026-08-22T00:00:00,2026-08-22,TXN0256098,PT0516783,LST0516783,AG00774,AG01492,Julia Morris,93645.62,2026-08-22,2026-09-25,Conventional Mortgage,22.9,5.0,4682.28,Fidelity National Title,Completed
INSERT,2026-08-22T00:00:00,2026-08-22,TXN0256099,PT0184599,LST0184599,AG01330,AG01312,Kristina Andersen,508916.1,2026-08-22,2026-10-18,Cash,100.0,4.57,23257.47,First American Title,Completed
INSERT,2026-08-22T00:00:00,2026-08-22,TXN0256100,PT0559560,LST0559560,AG02004,AG02692,Jeff Clark,265846.52,2026-08-22,2026-10-10,Conventional Mortgage,16.0,5.9,15684.94,Stewart Title,Completed
INSERT,2026-08-22T00:00:00,2026-08-22,TXN0256101,PT0262659,LST0262659,AG02827,AG00015,Nichole Potter,691436.04,2026-08-22,2026-09-27,FHA Loan,5.2,5.68,39273.57,First American Title,Completed
INSERT,2026-08-22T00:00:00,2026-08-22,TXN0256102,PT0331972,LST0331972,AG00096,AG02298,Jeffrey Wood,371732.91,2026-08-22,2026-09-25,Conventional Mortgage,9.0,4.73,17582.97,Chicago Title,Completed
INSERT,2026-08-22T00:00:00,2026-08-22,TXN0256103,PT0129663,LST0129663,AG01132,AG02606,Barbara Peterson,332753.71,2026-08-22,2026-09-08,FHA Loan,17.2,5.41,18001.98,Chicago Title,Completed
INSERT,2026-08-22T00:00:00,2026-08-22,TXN0256104,PT0149658,LST0149658,AG00847,AG01393,Joseph Murillo III,496267.93,2026-08-22,2026-10-07,Conventional Mortgage,16.8,5.41,26848.1,Chicago Title,Completed
INSERT,2026-08-22T00:00:00,2026-08-22,TXN0256105,PT0419668,LST0419668,AG01273,AG02025,Allison Morgan,236354.69,2026-08-22,2026-10-13,VA Loan,5.8,5.39,12739.52,Stewart Title,Completed
INSERT,2026-08-22T00:00:00,2026-08-22,TXN0256106,PT0341891,LST0341891,AG00587,AG00282,Michael Hill,200651.73,2026-08-22,2026-09-10,Conventional Mortgage,22.5,5.77,11577.6,First American Title,Completed
INSERT,2026-08-22T00:00:00,2026-08-22,TXN0256107,PT0230845,LST0230845,AG02448,AG01645,Stacey Lewis,456854.41,2026-08-22,2026-09-12,FHA Loan,5.5,6.3,28781.83,First American Title,Completed
INSERT,2026-08-22T00:00:00,2026-08-22,TXN0256108,PT0556216,LST0556216,AG01984,AG00576,Matthew Cruz,260943.47,2026-08-22,2026-09-26,Cash,100.0,4.61,12029.49,Chicago Title,Completed
INSERT,2026-08-22T00:00:00,2026-08-22,TXN0256109,PT0219306,LST0219306,AG01937,AG00448,Tina Potter,3060683.68,2026-08-22,2026-09-14,FHA Loan,7.1,5.08,155482.73,Fidelity National Title,Completed
INSERT,2026-08-22T00:00:00,2026-08-22,TXN0256110,PT0123149,LST0123149,AG00280,AG02962,Frank Reed,961190.75,2026-08-22,2026-09-21,FHA Loan,22.1,5.49,52769.37,Chicago Title,Completed
INSERT,2026-08-22T00:00:00,2026-08-22,TXN0256111,PT0146192,LST0146192,AG01039,AG00902,Robert Evans,640674.87,2026-08-22,2026-10-10,Conventional Mortgage,13.0,6.43,41195.39,Old Republic Title,Completed
INSERT,2026-08-22T00:00:00,2026-08-22,TXN0256112,PT0362360,LST0362360,AG00685,AG00933,Veronica Martin,331637.86,2026-08-22,2026-10-19,Conventional Mortgage,14.6,5.0,16581.89,Old Republic Title,Completed
INSERT,2026-08-22T00:00:00,2026-08-22,TXN0256113,PT0327373,LST0327373,AG01834,AG02461,Zachary Chambers,558213.36,2026-08-22,2026-10-03,Conventional Mortgage,13.8,5.3,29585.31,Chicago Title,Completed
INSERT,2026-08-22T00:00:00,2026-08-22,TXN0256114,PT0542377,LST0542377,AG02983,AG00924,Penny Turner,1500221.72,2026-08-22,2026-10-13,FHA Loan,5.9,5.42,81312.02,Chicago Title,Completed
INSERT,2026-08-22T00:00:00,2026-08-22,TXN0256115,PT0277469,LST0277469,AG01494,AG01155,James Bryant,1040781.65,2026-08-22,2026-09-16,Jumbo Loan,12.2,5.18,53912.49,WFG National Title,Completed
INSERT,2026-08-22T00:00:00,2026-08-22,TXN0256116,PT0181745,LST0181745,AG00961,AG00051,Tyler Williams,1383440.27,2026-08-22,2026-09-20,FHA Loan,12.3,5.07,70140.42,WFG National Title,Completed
INSERT,2026-08-22T00:00:00,2026-08-22,TXN0256117,PT0371217,LST0371217,AG00853,AG01557,Dr. William Moore,855691.7,2026-08-22,2026-10-10,Cash,100.0,5.63,48175.44,Chicago Title,Completed
INSERT,2026-08-22T00:00:00,2026-08-22,TXN0256118,PT0523295,LST0523295,AG00019,AG02863,Katherine Gardner,177404.07,2026-08-22,2026-10-09,Conventional Mortgage,14.3,5.51,9774.96,WFG National Title,Completed
INSERT,2026-08-22T00:00:00,2026-08-22,TXN0256119,PT0232955,LST0232955,AG00041,AG00568,Michael Frey,300357.7,2026-08-22,2026-09-07,VA Loan,11.3,4.9,14717.53,Stewart Title,Completed
INSERT,2026-08-22T00:00:00,2026-08-22,TXN0256120,PT0510983,LST0510983,AG00683,AG00793,Ricky Wood,368215.1,2026-08-22,2026-09-14,FHA Loan,10.4,5.67,20877.8,Chicago Title,Completed
INSERT,2026-08-22T00:00:00,2026-08-22,TXN0256121,PT0155045,LST0155045,AG01384,AG00605,Christopher Boyer,186528.51,2026-08-22,2026-09-11,Conventional Mortgage,24.3,6.2,11564.77,WFG National Title,Completed
INSERT,2026-08-22T00:00:00,2026-08-22,TXN0256122,PT0019304,LST0019304,AG00175,AG01942,Rachel Ross,300520.96,2026-08-22,2026-09-11,Conventional Mortgage,23.9,4.66,14004.28,Stewart Title,Completed
INSERT,2026-08-22T00:00:00,2026-08-22,TXN0256123,PT0549046,LST0549046,AG02586,AG01858,Raymond Johnson,351698.98,2026-08-22,2026-09-06,FHA Loan,3.7,6.46,22719.75,WFG National Title,Completed
INSERT,2026-08-22T00:00:00,2026-08-22,TXN0256124,PT0138688,LST0138688,AG01872,AG00492,Nancy Green,74919.55,2026-08-22,2026-09-28,Conventional Mortgage,20.2,6.24,4674.98,Chicago Title,Completed
INSERT,2026-08-22T00:00:00,2026-08-22,TXN0256125,PT0219343,LST0219343,AG01919,AG01904,David Kramer,215178.75,2026-08-22,2026-09-10,FHA Loan,21.4,6.2,13341.08,Stewart Title,Completed
INSERT,2026-08-22T00:00:00,2026-08-22,TXN0256126,PT0406450,LST0406450,AG02742,AG00040,Miranda Rodriguez,1085440.74,2026-08-22,2026-09-24,Conventional Mortgage,22.4,5.85,63498.28,Old Republic Title,Completed
INSERT,2026-08-22T00:00:00,2026-08-22,TXN0256127,PT0182919,LST0182919,AG02755,AG00077,Kristen Boyd,243466.33,2026-08-22,2026-09-14,Conventional Mortgage,3.5,5.61,13658.46,Old Republic Title,Completed
INSERT,2026-08-22T00:00:00,2026-08-22,TXN0256128,PT0105573,LST0105573,AG01277,AG01462,Michael Hamilton,1170307.11,2026-08-22,2026-09-18,FHA Loan,3.2,5.0,58515.36,WFG National Title,Completed
INSERT,2026-08-22T00:00:00,2026-08-22,TXN0256129,PT0531710,LST0531710,AG00358,AG02674,Luke Thompson,610542.41,2026-08-22,2026-10-04,Conventional Mortgage,21.6,5.46,33335.62,Fidelity National Title,Completed
INSERT,2026-08-22T00:00:00,2026-08-22,TXN0256130,PT0507691,LST0507691,AG01200,AG02606,William Martinez,315984.22,2026-08-22,2026-10-04,Conventional Mortgage,24.5,5.82,18390.28,First American Title,Completed
INSERT,2026-08-22T00:00:00,2026-08-22,TXN0256131,PT0183572,LST0183572,AG02718,AG00190,David Wong,228035.59,2026-08-22,2026-10-02,Conventional Mortgage,7.3,5.25,11971.87,WFG National Title,Completed
INSERT,2026-08-22T00:00:00,2026-08-22,TXN0256132,PT0522431,LST0522431,AG02616,AG02926,Matthew Green,174397.32,2026-08-22,2026-10-02,Conventional Mortgage,12.8,5.48,9556.97,Stewart Title,Completed
INSERT,2026-08-22T00:00:00,2026-08-22,TXN0256133,PT0454387,LST0454387,AG01335,AG01698,Sandra Rodriguez,1072963.45,2026-08-22,2026-09-30,Jumbo Loan,24.6,6.17,66201.84,WFG National Title,Completed
INSERT,2026-08-22T00:00:00,2026-08-22,TXN0256134,PT0497176,LST0497176,AG00889,AG02996,Megan Jenkins,288260.88,2026-08-22,2026-10-07,Conventional Mortgage,15.2,5.24,15104.87,Fidelity National Title,Completed
INSERT,2026-08-22T00:00:00,2026-08-22,TXN0256135,PT0241925,LST0241925,AG02713,AG02681,Kristen Ray,277840.13,2026-08-22,2026-09-10,VA Loan,8.7,4.55,12641.73,Stewart Title,Completed
INSERT,2026-08-22T00:00:00,2026-08-22,TXN0256136,PT0454421,LST0454421,AG00963,AG00485,Jacob Andrews,423209.13,2026-08-22,2026-10-02,Cash,100.0,4.97,21033.49,First American Title,Completed
INSERT,2026-08-22T00:00:00,2026-08-22,TXN0256137,PT0515958,LST0515958,AG01948,AG01636,Brittany Flores,539307.6,2026-08-22,2026-09-07,Conventional Mortgage,8.7,5.59,30147.29,Old Republic Title,Completed
INSERT,2026-08-22T00:00:00,2026-08-22,TXN0256138,PT0040845,LST0040845,AG00533,AG02653,Taylor Smith,435861.51,2026-08-22,2026-09-15,Jumbo Loan,7.5,4.57,19918.87,First American Title,Completed
INSERT,2026-08-22T00:00:00,2026-08-22,TXN0256139,PT0329748,LST0329748,AG01487,AG02217,Morgan Douglas,736861.61,2026-08-22,2026-09-09,FHA Loan,12.5,4.78,35221.98,Fidelity National Title,Completed
INSERT,2026-08-22T00:00:00,2026-08-22,TXN0256140,PT0059629,LST0059629,AG01396,AG02291,Emily Medina,551840.55,2026-08-22,2026-10-07,Conventional Mortgage,9.2,5.11,28199.05,WFG National Title,Completed
INSERT,2026-08-22T00:00:00,2026-08-22,TXN0256141,PT0355102,LST0355102,AG02647,AG02708,Phillip Torres,674999.18,2026-08-22,2026-09-19,Conventional Mortgage,3.1,6.26,42254.95,Old Republic Title,Completed
INSERT,2026-08-22T00:00:00,2026-08-22,TXN0256142,PT0385183,LST0385183,AG02076,AG00503,Jordan Brown,704282.2,2026-08-22,2026-10-15,Conventional Mortgage,8.6,4.83,34016.83,Chicago Title,Completed
INSERT,2026-08-22T00:00:00,2026-08-22,TXN0256143,PT0532833,LST0532833,AG00847,AG01942,Stephanie Bailey,497010.4,2026-08-22,2026-10-05,Conventional Mortgage,17.1,5.41,26888.26,Chicago Title,Completed
INSERT,2026-08-22T00:00:00,2026-08-22,TXN0256144,PT0116860,LST0116860,AG00953,AG00368,Xavier Woods,268117.65,2026-08-22,2026-10-01,Cash,100.0,6.04,16194.31,First American Title,Completed
INSERT,2026-08-22T00:00:00,2026-08-22,TXN0256145,PT0493159,LST0493159,AG02219,AG02606,Justin Robles,631762.12,2026-08-22,2026-10-20,Cash,100.0,5.16,32598.93,Old Republic Title,Completed
INSERT,2026-08-22T00:00:00,2026-08-22,TXN0256146,PT0437767,LST0437767,AG01486,AG02434,Jennifer Monroe,807034.43,2026-08-22,2026-09-14,Cash,100.0,5.66,45678.15,Old Republic Title,Completed
INSERT,2026-08-22T00:00:00,2026-08-22,TXN0256147,PT0265857,LST0265857,AG02451,AG02084,Ryan Cook,402165.28,2026-08-22,2026-09-14,VA Loan,13.8,5.85,23526.67,Chicago Title,Completed
INSERT,2026-08-22T00:00:00,2026-08-22,TXN0256148,PT0307851,LST0307851,AG00598,AG01797,Laurie Mills,730745.73,2026-08-22,2026-09-17,Conventional Mortgage,13.0,5.88,42967.85,Fidelity National Title,Completed
INSERT,2026-08-22T00:00:00,2026-08-22,TXN0256149,PT0438680,LST0438680,AG02324,AG01702,Dr. Michelle Stewart,102751.49,2026-08-22,2026-09-16,Jumbo Loan,12.1,6.45,6627.47,Old Republic Title,Completed
INSERT,2026-08-22T00:00:00,2026-08-22,TXN0256150,PT0001748,LST0001748,AG02685,AG01458,John Rogers,226113.58,2026-08-22,2026-10-07,FHA Loan,19.6,6.46,14606.94,WFG National Title,Completed
INSERT,2026-08-22T00:00:00,2026-08-22,TXN0256151,PT0378302,LST0378302,AG02002,AG02255,Tom Mccoy,471867.69,2026-08-22,2026-09-20,Cash,100.0,5.51,25999.91,Chicago Title,Completed
INSERT,2026-08-22T00:00:00,2026-08-22,TXN0256152,PT0551927,LST0551927,AG00675,AG00361,Jeffrey Stewart,332925.51,2026-08-22,2026-10-10,Conventional Mortgage,15.8,6.03,20075.41,First American Title,Completed
INSERT,2026-08-22T00:00:00,2026-08-22,TXN0256153,PT0350943,LST0350943,AG02128,AG01389,Kim Cross,649975.17,2026-08-22,2026-09-24,VA Loan,19.5,6.37,41403.42,Old Republic Title,Completed
INSERT,2026-08-22T00:00:00,2026-08-22,TXN0256154,PT0521365,LST0521365,AG00471,AG00773,Benjamin Bryant,705437.61,2026-08-22,2026-09-27,Conventional Mortgage,16.8,5.97,42114.63,Stewart Title,Completed
INSERT,2026-08-22T00:00:00,2026-08-22,TXN0256155,PT0207330,LST0207330,AG00488,AG01422,Karen Moore,1075104.83,2026-08-22,2026-09-10,FHA Loan,7.0,6.18,66441.48,WFG National Title,Completed
INSERT,2026-08-22T00:00:00,2026-08-22,TXN0256156,PT0135318,LST0135318,AG00737,AG00893,Jaime Richardson,161704.48,2026-08-22,2026-09-09,Cash,100.0,6.34,10252.06,Chicago Title,Completed
INSERT,2026-08-22T00:00:00,2026-08-22,TXN0256157,PT0547975,LST0547975,AG01301,AG00750,Ashley Moore,535918.75,2026-08-22,2026-10-17,VA Loan,6.3,5.88,31512.02,Chicago Title,Completed
INSERT,2026-08-22T00:00:00,2026-08-22,TXN0256158,PT0143888,LST0143888,AG02095,AG02768,Daniel Kidd,739504.95,2026-08-22,2026-10-12,Jumbo Loan,23.2,6.34,46884.61,WFG National Title,Completed
INSERT,2026-08-22T00:00:00,2026-08-22,TXN0256159,PT0129523,LST0129523,AG00481,AG01860,Cassandra Hughes,1276613.68,2026-08-22,2026-10-10,Conventional Mortgage,6.5,4.9,62554.07,Fidelity National Title,Completed
INSERT,2026-08-22T00:00:00,2026-08-22,TXN0256160,PT0553632,LST0553632,AG00269,AG02456,John Lyons,447907.36,2026-08-22,2026-09-13,Jumbo Loan,18.5,4.95,22171.41,Chicago Title,Completed
INSERT,2026-08-22T00:00:00,2026-08-22,TXN0256161,PT0257457,LST0257457,AG01983,AG01756,Christopher Williams,387696.98,2026-08-22,2026-09-14,Jumbo Loan,24.5,5.45,21129.49,WFG National Title,Completed
INSERT,2026-08-22T00:00:00,2026-08-22,TXN0256162,PT0253876,LST0253876,AG02347,AG02750,Kimberly Gibson,276200.8,2026-08-22,2026-10-04,Conventional Mortgage,15.9,4.65,12843.34,WFG National Title,Completed
INSERT,2026-08-22T00:00:00,2026-08-22,TXN0256163,PT0263850,LST0263850,AG00380,AG00044,Alexandra Fuentes,169064.19,2026-08-22,2026-09-11,FHA Loan,11.1,5.09,8605.37,Old Republic Title,Completed
INSERT,2026-08-22T00:00:00,2026-08-22,TXN0256164,PT0309933,LST0309933,AG02573,AG00380,Rose Ramirez,1891943.84,2026-08-22,2026-09-25,Conventional Mortgage,9.3,4.65,87975.39,Chicago Title,Completed
INSERT,2026-08-22T00:00:00,2026-08-22,TXN0256165,PT0307017,LST0307017,AG01076,AG02093,Daniel Wright,75787.52,2026-08-22,2026-09-09,Conventional Mortgage,8.2,4.65,3524.12,WFG National Title,Completed
INSERT,2026-08-22T00:00:00,2026-08-22,TXN0256166,PT0386751,LST0386751,AG00767,AG01409,Lisa Park,974330.28,2026-08-22,2026-09-19,Conventional Mortgage,18.0,4.82,46962.72,Old Republic Title,Completed
INSERT,2026-08-22T00:00:00,2026-08-22,TXN0256167,PT0420015,LST0420015,AG02166,AG00311,Nicholas Travis,91551.34,2026-08-22,2026-09-06,Jumbo Loan,13.1,4.71,4312.07,WFG National Title,Completed
INSERT,2026-08-22T00:00:00,2026-08-22,TXN0256168,PT0558447,LST0558447,AG01023,AG02868,Clifford Evans,772775.92,2026-08-22,2026-09-30,Conventional Mortgage,16.1,5.0,38638.8,Chicago Title,Completed
INSERT,2026-08-22T00:00:00,2026-08-22,TXN0256169,PT0483118,LST0483118,AG02727,AG00447,David Hanson,263168.55,2026-08-22,2026-09-30,Jumbo Loan,20.3,5.35,14079.52,Fidelity National Title,Completed
INSERT,2026-08-22T00:00:00,2026-08-22,TXN0256170,PT0196128,LST0196128,AG00168,AG01542,Devon Jones,1335100.19,2026-08-22,2026-09-19,VA Loan,3.7,4.51,60213.02,Fidelity National Title,Completed
INSERT,2026-08-22T00:00:00,2026-08-22,TXN0256171,PT0037467,LST0037467,AG01445,AG00945,Kimberly Zuniga,1079200.04,2026-08-22,2026-09-06,FHA Loan,22.7,4.73,51046.16,Stewart Title,Completed
INSERT,2026-08-22T00:00:00,2026-08-22,TXN0256172,PT0517763,LST0517763,AG01650,AG00235,Caitlin Bishop,979779.86,2026-08-22,2026-09-19,VA Loan,3.1,6.03,59080.73,Chicago Title,Completed
INSERT,2026-08-22T00:00:00,2026-08-22,TXN0256173,PT0340706,LST0340706,AG01781,AG01803,John Alvarado,945025.5,2026-08-22,2026-10-06,Conventional Mortgage,23.7,5.39,50936.87,Old Republic Title,Completed
INSERT,2026-08-22T00:00:00,2026-08-22,TXN0256174,PT0153354,LST0153354,AG01648,AG02295,Kevin Romero,586951.59,2026-08-22,2026-09-09,Cash,100.0,5.02,29464.97,Stewart Title,Completed
INSERT,2026-08-22T00:00:00,2026-08-22,TXN0256175,PT0341102,LST0341102,AG01553,AG02495,Deborah Hill,710199.33,2026-08-22,2026-09-10,Conventional Mortgage,12.2,4.68,33237.33,Chicago Title,Completed
INSERT,2026-08-22T00:00:00,2026-08-22,TXN0256176,PT0370070,LST0370070,AG00958,AG01157,Cheyenne Smith,191208.76,2026-08-22,2026-09-27,Conventional Mortgage,13.3,6.48,12390.33,First American Title,Completed
INSERT,2026-08-22T00:00:00,2026-08-22,TXN0256177,PT0122685,LST0122685,AG01812,AG00129,Johnny Cooke,838046.31,2026-08-22,2026-10-09,Conventional Mortgage,15.6,5.87,49193.32,Fidelity National Title,Completed
INSERT,2026-08-22T00:00:00,2026-08-22,TXN0256178,PT0215131,LST0215131,AG01916,AG01897,Rebecca Hansen,170927.38,2026-08-22,2026-09-12,Conventional Mortgage,10.7,5.41,9247.17,First American Title,Completed
INSERT,2026-08-22T00:00:00,2026-08-22,TXN0256179,PT0533942,LST0533942,AG00781,AG01843,Becky Williams,281282.39,2026-08-22,2026-09-22,Conventional Mortgage,17.8,5.97,16792.56,Chicago Title,Completed
INSERT,2026-08-22T00:00:00,2026-08-22,TXN0256180,PT0426742,LST0426742,AG00153,AG02122,Brianna Watson,121649.28,2026-08-22,2026-09-17,Conventional Mortgage,19.6,5.37,6532.57,Old Republic Title,Completed
INSERT,2026-08-22T00:00:00,2026-08-22,TXN0256181,PT0091138,LST0091138,AG01703,AG01807,Jill Velazquez,261593.9,2026-08-22,2026-09-06,Jumbo Loan,16.3,6.42,16794.33,Stewart Title,Completed
INSERT,2026-08-22T00:00:00,2026-08-22,TXN0256182,PT0291101,LST0291101,AG00356,AG00476,Miss Stephanie Charles,369662.12,2026-08-22,2026-10-06,FHA Loan,6.6,5.38,19887.82,Old Republic Title,Completed
INSERT,2026-08-22T00:00:00,2026-08-22,TXN0256183,PT0523733,LST0523733,AG02327,AG00508,Benjamin Hernandez,427820.72,2026-08-22,2026-10-19,Conventional Mortgage,3.9,5.36,22931.19,Old Republic Title,Completed
INSERT,2026-08-22T00:00:00,2026-08-22,TXN0256184,PT0291526,LST0291526,AG02898,AG00664,William Lee,802940.7,2026-08-22,2026-10-05,Conventional Mortgage,4.5,4.8,38541.15,Chicago Title,Completed
INSERT,2026-08-22T00:00:00,2026-08-22,TXN0256185,PT0243344,LST0243344,AG00201,AG00943,Justin Davis,580577.91,2026-08-22,2026-10-09,Conventional Mortgage,20.3,6.14,35647.48,Old Republic Title,Completed
INSERT,2026-08-22T00:00:00,2026-08-22,TXN0256186,PT0374015,LST0374015,AG02245,AG01152,Angela Gibson,569377.24,2026-08-22,2026-09-10,Jumbo Loan,24.8,5.24,29835.37,Stewart Title,Completed
INSERT,2026-08-22T00:00:00,2026-08-22,TXN0256187,PT0538162,LST0538162,AG01956,AG00318,Timothy Richardson,241618.38,2026-08-22,2026-10-07,Cash,100.0,5.67,13699.76,Fidelity National Title,Completed
INSERT,2026-08-22T00:00:00,2026-08-22,TXN0256188,PT0056935,LST0056935,AG00239,AG02963,Ryan Miller,1026144.94,2026-08-22,2026-10-09,Conventional Mortgage,14.9,4.98,51102.02,Old Republic Title,Completed
INSERT,2026-08-22T00:00:00,2026-08-22,TXN0256189,PT0280430,LST0280430,AG00673,AG01332,Donna Pacheco,460163.82,2026-08-22,2026-09-24,FHA Loan,8.4,5.3,24388.68,Fidelity National Title,Completed
INSERT,2026-08-22T00:00:00,2026-08-22,TXN0256190,PT0144895,LST0144895,AG01695,AG01313,Traci Beck,3160820.93,2026-08-22,2026-09-28,Jumbo Loan,11.3,5.07,160253.62,WFG National Title,Completed
INSERT,2026-08-22T00:00:00,2026-08-22,TXN0256191,PT0008474,LST0008474,AG00166,AG01010,Marie Gates,196768.82,2026-08-22,2026-09-23,Conventional Mortgage,18.6,4.91,9661.35,First American Title,Completed
INSERT,2026-08-22T00:00:00,2026-08-22,TXN0256192,PT0492693,LST0492693,AG00524,AG01733,Nathan Smith,345130.05,2026-08-22,2026-09-25,Conventional Mortgage,10.4,5.61,19361.8,Chicago Title,Completed
INSERT,2026-08-22T00:00:00,2026-08-22,TXN0256193,PT0459000,LST0459000,AG02222,AG02340,Seth Roman,166498.53,2026-08-22,2026-10-04,Conventional Mortgage,8.2,6.09,10139.76,Stewart Title,Completed
INSERT,2026-08-22T00:00:00,2026-08-22,TXN0256194,PT0290638,LST0290638,AG02531,AG00365,Gina Palmer,206397.18,2026-08-22,2026-09-16,Conventional Mortgage,7.5,5.33,11000.97,Fidelity National Title,Completed
INSERT,2026-08-22T00:00:00,2026-08-22,TXN0256195,PT0405854,LST0405854,AG01223,AG02794,Erica Rodriguez,474319.19,2026-08-22,2026-09-24,Cash,100.0,4.76,22577.59,Chicago Title,Completed
INSERT,2026-08-22T00:00:00,2026-08-22,TXN0256196,PT0234445,LST0234445,AG00264,AG00039,Mr. Timothy Jenkins,593058.23,2026-08-22,2026-09-07,Jumbo Loan,16.4,6.25,37066.14,Fidelity National Title,Completed
INSERT,2026-08-22T00:00:00,2026-08-22,TXN0256197,PT0481982,LST0481982,AG00619,AG00813,Dakota Martin,213257.64,2026-08-22,2026-09-29,Jumbo Loan,8.6,4.89,10428.3,First American Title,Completed
INSERT,2026-08-22T00:00:00,2026-08-22,TXN0256198,PT0488201,LST0488201,AG02201,AG02232,Jessica Bautista,449639.93,2026-08-22,2026-09-16,VA Loan,14.8,6.12,27517.96,First American Title,Completed
INSERT,2026-08-22T00:00:00,2026-08-22,TXN0256199,PT0549619,LST0549619,AG01740,AG02422,Tabitha Cox,744407.3,2026-08-22,2026-10-01,Conventional Mortgage,4.1,4.99,37145.92,Old Republic Title,Completed
INSERT,2026-08-22T00:00:00,2026-08-22,TXN0256200,PT0347342,LST0347342,AG02446,AG01618,Megan Vaughn,408828.57,2026-08-22,2026-09-22,Cash,100.0,5.47,22362.92,Stewart Title,Completed
INSERT,2026-08-22T00:00:00,2026-08-22,TXN0256201,PT0387531,LST0387531,AG01496,AG01268,Luis Martinez,173293.69,2026-08-22,2026-09-18,VA Loan,15.6,5.7,9877.74,Stewart Title,Completed
INSERT,2026-08-22T00:00:00,2026-08-22,TXN0256202,PT0240337,LST0240337,AG00455,AG01262,Andrea Dodson,314535.02,2026-08-22,2026-10-17,Jumbo Loan,6.4,4.94,15538.03,Stewart Title,Completed
INSERT,2026-08-22T00:00:00,2026-08-22,TXN0256203,PT0401330,LST0401330,AG00875,AG02195,Dr. Ashley Phillips,597711.29,2026-08-22,2026-10-02,Conventional Mortgage,20.8,5.05,30184.42,Fidelity National Title,Completed
INSERT,2026-08-22T00:00:00,2026-08-22,TXN0256204,PT0268589,LST0268589,AG00026,AG00483,Jennifer Blake,238607.63,2026-08-22,2026-10-18,Conventional Mortgage,7.0,5.91,14101.71,Old Republic Title,Completed
INSERT,2026-08-22T00:00:00,2026-08-22,TXN0256205,PT0166427,LST0166427,AG00979,AG02261,Thomas Robertson,930088.45,2026-08-22,2026-09-25,Conventional Mortgage,5.8,5.94,55247.25,Fidelity National Title,Completed
INSERT,2026-08-22T00:00:00,2026-08-22,TXN0256206,PT0435085,LST0435085,AG00969,AG00836,Timothy Livingston,82153.53,2026-08-22,2026-09-30,Cash,100.0,6.1,5011.37,Fidelity National Title,Completed
INSERT,2026-08-22T00:00:00,2026-08-22,TXN0256207,PT0405603,LST0405603,AG00628,AG01423,Jennifer Wolf,313287.39,2026-08-22,2026-09-23,Jumbo Loan,22.4,5.12,16040.31,WFG National Title,Completed
INSERT,2026-08-22T00:00:00,2026-08-22,TXN0256208,PT0414447,LST0414447,AG01942,AG00509,Ashley Cook,266251.35,2026-08-22,2026-09-29,Jumbo Loan,23.3,5.38,14324.32,First American Title,Completed
INSERT,2026-08-22T00:00:00,2026-08-22,TXN0256209,PT0437904,LST0437904,AG00307,AG02747,Jennifer Love,521113.34,2026-08-22,2026-10-03,Cash,100.0,6.12,31892.14,Chicago Title,Completed
INSERT,2026-08-22T00:00:00,2026-08-22,TXN0256210,PT0520171,LST0520171,AG02234,AG02237,David Wallace,939789.88,2026-08-22,2026-10-13,Conventional Mortgage,16.3,5.11,48023.26,Stewart Title,Completed
INSERT,2026-08-22T00:00:00,2026-08-22,TXN0256211,PT0368726,LST0368726,AG02773,AG02087,Michael Serrano,1208365.97,2026-08-22,2026-09-23,Jumbo Loan,24.8,6.45,77939.61,Stewart Title,Completed
INSERT,2026-08-22T00:00:00,2026-08-22,TXN0256212,PT0081724,LST0081724,AG00424,AG01415,Jason Peterson,258054.79,2026-08-22,2026-09-23,FHA Loan,11.3,5.06,13057.57,Fidelity National Title,Completed
INSERT,2026-08-22T00:00:00,2026-08-22,TXN0256213,PT0396711,LST0396711,AG02476,AG01097,John Deleon,295830.4,2026-08-22,2026-09-25,Conventional Mortgage,13.8,6.14,18163.99,WFG National Title,Completed
INSERT,2026-08-22T00:00:00,2026-08-22,TXN0256214,PT0132409,LST0132409,AG00741,AG02057,Joseph Davis,469408.81,2026-08-22,2026-09-06,Conventional Mortgage,13.1,4.57,21451.98,WFG National Title,Completed
INSERT,2026-08-22T00:00:00,2026-08-22,TXN0256215,PT0226484,LST0226484,AG01379,AG01682,Terri Salazar,187066.0,2026-08-22,2026-10-03,Conventional Mortgage,15.1,6.18,11560.68,WFG National Title,Completed
INSERT,2026-08-22T00:00:00,2026-08-22,TXN0256216,PT0535424,LST0535424,AG02168,AG00703,Paul Dixon,930646.24,2026-08-22,2026-09-24,Conventional Mortgage,10.8,6.25,58165.39,WFG National Title,Completed
INSERT,2026-08-22T00:00:00,2026-08-22,TXN0256217,PT0010213,LST0010213,AG01952,AG01558,Madeline Myers,413595.65,2026-08-22,2026-10-02,Conventional Mortgage,24.1,4.61,19066.76,WFG National Title,Completed
INSERT,2026-08-22T00:00:00,2026-08-22,TXN0256218,PT0483569,LST0483569,AG01835,AG02766,Jessica Ferguson,367013.57,2026-08-22,2026-09-07,Conventional Mortgage,9.6,5.1,18717.69,Chicago Title,Completed
INSERT,2026-08-22T00:00:00,2026-08-22,TXN0256219,PT0324376,LST0324376,AG01008,AG00644,Daniel English,182633.39,2026-08-22,2026-10-18,Conventional Mortgage,23.6,4.8,8766.4,Old Republic Title,Completed
INSERT,2026-08-22T00:00:00,2026-08-22,TXN0256220,PT0209609,LST0209609,AG02141,AG01218,Steven Moore,596684.22,2026-08-22,2026-09-20,Conventional Mortgage,4.1,6.23,37173.43,Old Republic Title,Completed
INSERT,2026-08-22T00:00:00,2026-08-22,TXN0256221,PT0015638,LST0015638,AG00677,AG02201,Steven Arnold,966924.28,2026-08-22,2026-09-20,Conventional Mortgage,15.0,5.02,48539.6,Old Republic Title,Completed
INSERT,2026-08-22T00:00:00,2026-08-22,TXN0256222,PT0551473,LST0551473,AG00577,AG02058,Christine Brown,547354.61,2026-08-22,2026-10-20,FHA Loan,12.0,6.13,33552.84,Fidelity National Title,Completed
INSERT,2026-08-22T00:00:00,2026-08-22,TXN0256223,PT0544750,LST0544750,AG00793,AG01497,Lauren Patel,306840.0,2026-08-22,2026-09-19,Cash,100.0,6.31,19361.6,Old Republic Title,Completed
INSERT,2026-08-22T00:00:00,2026-08-22,TXN0256224,PT0558073,LST0558073,AG02373,AG01682,Jeffery Wilson,223537.71,2026-08-22,2026-09-14,VA Loan,13.8,6.34,14172.29,Chicago Title,Completed
INSERT,2026-08-22T00:00:00,2026-08-22,TXN0256225,PT0458258,LST0458258,AG02005,AG02447,James Castillo,196131.75,2026-08-22,2026-09-30,Conventional Mortgage,14.7,6.46,12670.11,Chicago Title,Completed
INSERT,2026-08-22T00:00:00,2026-08-22,TXN0256226,PT0141581,LST0141581,AG02870,AG00531,Rebecca Myers,738439.35,2026-08-22,2026-10-15,FHA Loan,8.0,6.07,44823.27,Stewart Title,Completed
INSERT,2026-08-22T00:00:00,2026-08-22,TXN0256227,PT0129475,LST0129475,AG00631,AG02609,Amanda Kim,1315451.33,2026-08-22,2026-10-05,Conventional Mortgage,20.5,4.94,64983.3,Chicago Title,Completed
INSERT,2026-08-22T00:00:00,2026-08-22,TXN0256228,PT0051489,LST0051489,AG02962,AG02784,Patrick Wright,519098.37,2026-08-22,2026-10-17,FHA Loan,15.8,4.81,24968.63,Fidelity National Title,Completed
INSERT,2026-08-22T00:00:00,2026-08-22,TXN0256229,PT0334580,LST0334580,AG02435,AG01426,Adam Jensen,665060.98,2026-08-22,2026-09-14,Conventional Mortgage,14.5,4.73,31457.38,Old Republic Title,Completed
INSERT,2026-08-22T00:00:00,2026-08-22,TXN0256230,PT0255063,LST0255063,AG01096,AG02861,Ronald Thomas,484277.23,2026-08-22,2026-09-16,VA Loan,8.5,5.79,28039.65,Fidelity National Title,Completed
INSERT,2026-08-22T00:00:00,2026-08-22,TXN0256231,PT0038697,LST0038697,AG02413,AG01794,Diana Woodward,467521.61,2026-08-22,2026-09-15,VA Loan,24.2,4.55,21272.23,Chicago Title,Completed
INSERT,2026-08-22T00:00:00,2026-08-22,TXN0256232,PT0325430,LST0325430,AG00848,AG00006,Dale Keller,1388998.03,2026-08-22,2026-10-17,Jumbo Loan,12.6,5.51,76533.79,Chicago Title,Completed
INSERT,2026-08-22T00:00:00,2026-08-22,TXN0256233,PT0523993,LST0523993,AG02297,AG02018,Mitchell Carroll,313207.01,2026-08-22,2026-09-26,Conventional Mortgage,7.6,4.66,14595.45,Fidelity National Title,Completed
INSERT,2026-08-22T00:00:00,2026-08-22,TXN0256234,PT0546880,LST0546880,AG02159,AG01156,Susan Savage,113560.81,2026-08-22,2026-09-30,Jumbo Loan,22.3,4.75,5394.14,WFG National Title,Completed
INSERT,2026-08-22T00:00:00,2026-08-22,TXN0256235,PT0552879,LST0552879,AG01046,AG01553,Mark Edwards,701682.77,2026-08-22,2026-10-05,Jumbo Loan,11.0,4.71,33049.26,Chicago Title,Completed
INSERT,2026-08-22T00:00:00,2026-08-22,TXN0256236,PT0558326,LST0558326,AG01606,AG02465,David Adams,639151.18,2026-08-22,2026-10-16,Conventional Mortgage,7.7,5.5,35153.31,Chicago Title,Completed
INSERT,2026-08-22T00:00:00,2026-08-22,TXN0256237,PT0499098,LST0499098,AG02050,AG01235,Alicia Costa DDS,377218.48,2026-08-22,2026-10-12,FHA Loan,13.1,6.26,23613.88,Chicago Title,Completed
INSERT,2026-08-22T00:00:00,2026-08-22,TXN0256238,PT0343138,LST0343138,AG01446,AG00247,Erik Robinson,382790.17,2026-08-22,2026-10-18,Cash,100.0,4.54,17378.67,Stewart Title,Completed
INSERT,2026-08-22T00:00:00,2026-08-22,TXN0256239,PT0296053,LST0296053,AG02012,AG00462,Adam Hahn,243092.22,2026-08-22,2026-09-12,FHA Loan,21.6,6.0,14585.53,Fidelity National Title,Completed
INSERT,2026-08-22T00:00:00,2026-08-22,TXN0256240,PT0271596,LST0271596,AG00194,AG02321,Amy Peters,58353.31,2026-08-22,2026-09-26,Conventional Mortgage,11.7,5.38,3139.41,Stewart Title,Completed
INSERT,2026-08-22T00:00:00,2026-08-22,TXN0256241,PT0043605,LST0043605,AG00785,AG00395,Misty Morgan,426568.91,2026-08-22,2026-10-15,Cash,100.0,6.14,26191.33,First American Title,Completed
INSERT,2026-08-22T00:00:00,2026-08-22,TXN0256242,PT0141521,LST0141521,AG02298,AG02042,Heather Wiley,217576.37,2026-08-22,2026-09-06,Conventional Mortgage,4.4,6.34,13794.34,First American Title,Completed
INSERT,2026-08-22T00:00:00,2026-08-22,TXN0256243,PT0286934,LST0286934,AG01001,AG02874,Kathleen Hawkins,393505.73,2026-08-22,2026-09-29,Conventional Mortgage,14.4,4.87,19163.73,Fidelity National Title,Completed
INSERT,2026-08-22T00:00:00,2026-08-22,TXN0256244,PT0098772,LST0098772,AG01931,AG01442,Michael Woods,617336.41,2026-08-22,2026-10-13,FHA Loan,6.6,5.05,31175.49,WFG National Title,Completed
INSERT,2026-08-22T00:00:00,2026-08-22,TXN0256245,PT0121077,LST0121077,AG00967,AG02259,Mrs. Jessica Wilson MD,1798983.1,2026-08-22,2026-09-20,Conventional Mortgage,17.3,6.25,112436.44,First American Title,Completed
INSERT,2026-08-22T00:00:00,2026-08-22,TXN0256246,PT0049934,LST0049934,AG00908,AG00811,James Shields,611076.64,2026-08-22,2026-10-03,Conventional Mortgage,20.6,5.66,34586.94,Chicago Title,Completed
INSERT,2026-08-22T00:00:00,2026-08-22,TXN0256247,PT0556049,LST0556049,AG02976,AG02764,Luke Reynolds,409242.55,2026-08-22,2026-09-19,Jumbo Loan,24.5,4.86,19889.19,Chicago Title,Completed
INSERT,2026-08-22T00:00:00,2026-08-22,TXN0256248,PT0087195,LST0087195,AG02516,AG01829,Tammy Krueger,617812.23,2026-08-22,2026-09-07,Conventional Mortgage,17.4,5.59,34535.7,WFG National Title,Completed
INSERT,2026-08-22T00:00:00,2026-08-22,TXN0256249,PT0042251,LST0042251,AG01618,AG00026,Hannah Herring,293800.59,2026-08-22,2026-10-12,Conventional Mortgage,9.6,5.72,16805.39,Fidelity National Title,Completed
INSERT,2026-08-22T00:00:00,2026-08-22,TXN0256250,PT0383849,LST0383849,AG01231,AG02220,Dominic Brown,320273.31,2026-08-22,2026-10-18,Conventional Mortgage,11.9,5.39,17262.73,Chicago Title,Completed
INSERT,2026-08-22T00:00:00,2026-08-22,TXN0256251,PT0225046,LST0225046,AG00714,AG01970,Mr. John Jones,382057.19,2026-08-22,2026-10-08,Conventional Mortgage,11.0,5.91,22579.58,First American Title,Completed
INSERT,2026-08-22T00:00:00,2026-08-22,TXN0256252,PT0022928,LST0022928,AG02912,AG02553,Melinda Bowen,142747.4,2026-08-22,2026-10-10,Conventional Mortgage,9.9,5.26,7508.51,Chicago Title,Completed
INSERT,2026-08-22T00:00:00,2026-08-22,TXN0256253,PT0325450,LST0325450,AG00521,AG00115,Robert Travis,404774.16,2026-08-22,2026-09-24,FHA Loan,10.3,5.73,23193.56,First American Title,Completed
INSERT,2026-08-22T00:00:00,2026-08-22,TXN0256254,PT0410426,LST0410426,AG02211,AG01308,Kelly Gregory,190439.25,2026-08-22,2026-09-12,FHA Loan,12.4,6.26,11921.5,Old Republic Title,Completed
INSERT,2026-08-22T00:00:00,2026-08-22,TXN0256255,PT0450544,LST0450544,AG02674,AG00177,Miranda Roberts,435232.97,2026-08-22,2026-10-10,FHA Loan,11.5,4.56,19846.62,Old Republic Title,Completed
INSERT,2026-08-22T00:00:00,2026-08-22,TXN0256256,PT0290505,LST0290505,AG01909,AG01079,Daniel Newman,834825.11,2026-08-22,2026-10-14,Cash,100.0,5.15,42993.49,Fidelity National Title,Completed
INSERT,2026-08-22T00:00:00,2026-08-22,TXN0256257,PT0427891,LST0427891,AG00481,AG01247,Brandon Murphy,342796.64,2026-08-22,2026-10-18,Conventional Mortgage,7.1,4.86,16659.92,WFG National Title,Completed
INSERT,2026-08-22T00:00:00,2026-08-22,TXN0256258,PT0525246,LST0525246,AG02874,AG01011,Katherine Dean,377408.14,2026-08-22,2026-09-25,Conventional Mortgage,6.1,4.91,18530.74,First American Title,Completed
INSERT,2026-08-22T00:00:00,2026-08-22,TXN0256259,PT0231615,LST0231615,AG00325,AG02880,Sheila Miller,1123369.01,2026-08-22,2026-09-10,Cash,100.0,5.45,61223.61,First American Title,Completed
INSERT,2026-08-22T00:00:00,2026-08-22,TXN0256260,PT0135904,LST0135904,AG02358,AG02478,Cole Hernandez,798277.38,2026-08-22,2026-09-07,Conventional Mortgage,23.2,5.81,46379.92,Fidelity National Title,Completed
INSERT,2026-08-22T00:00:00,2026-08-22,TXN0256261,PT0557169,LST0557169,AG01920,AG02671,Angela Johnson,527373.18,2026-08-22,2026-09-22,Conventional Mortgage,24.6,5.94,31325.97,Old Republic Title,Completed
INSERT,2026-08-22T00:00:00,2026-08-22,TXN0256262,PT0125504,LST0125504,AG02936,AG02800,Sandra Young,66693.28,2026-08-22,2026-09-24,Cash,100.0,4.8,3201.28,Fidelity National Title,Completed
INSERT,2026-08-22T00:00:00,2026-08-22,TXN0256263,PT0041759,LST0041759,AG00640,AG00749,Grant Moses,2075855.47,2026-08-22,2026-09-14,Conventional Mortgage,17.2,5.34,110850.68,Old Republic Title,Completed
INSERT,2026-08-22T00:00:00,2026-08-22,TXN0256264,PT0483568,LST0483568,AG00464,AG00021,Daniel Martin,1258698.13,2026-08-22,2026-09-26,Cash,100.0,5.9,74263.19,Old Republic Title,Completed
INSERT,2026-08-22T00:00:00,2026-08-22,TXN0256265,PT0555832,LST0555832,AG00646,AG01236,Hannah Douglas,160032.97,2026-08-22,2026-10-18,Cash,100.0,4.5,7201.48,Stewart Title,Completed
INSERT,2026-08-22T00:00:00,2026-08-22,TXN0256266,PT0543319,LST0543319,AG01068,AG02941,Belinda Rhodes,296020.28,2026-08-22,2026-10-13,Cash,100.0,5.24,15511.46,Stewart Title,Completed
INSERT,2026-08-22T00:00:00,2026-08-22,TXN0256267,PT0502255,LST0502255,AG02922,AG01930,Angela Willis,141909.32,2026-08-22,2026-09-11,Conventional Mortgage,4.5,5.17,7336.71,Chicago Title,Completed
INSERT,2026-08-22T00:00:00,2026-08-22,TXN0256268,PT0387469,LST0387469,AG01323,AG01354,Amanda Perry,137240.56,2026-08-22,2026-10-02,Conventional Mortgage,20.1,5.56,7630.58,First American Title,Completed
INSERT,2026-08-22T00:00:00,2026-08-22,TXN0256269,PT0456166,LST0456166,AG02759,AG02549,Frances Jackson,482229.49,2026-08-22,2026-10-06,Conventional Mortgage,17.4,5.27,25413.49,First American Title,Completed
INSERT,2026-08-22T00:00:00,2026-08-22,TXN0256270,PT0263972,LST0263972,AG00515,AG01533,Deborah Holmes,1095083.52,2026-08-22,2026-09-30,FHA Loan,5.2,6.11,66909.6,Stewart Title,Completed
INSERT,2026-08-22T00:00:00,2026-08-22,TXN0256271,PT0071636,LST0071636,AG02647,AG00373,James Ellison,578055.72,2026-08-22,2026-09-23,FHA Loan,19.1,6.0,34683.34,WFG National Title,Completed
INSERT,2026-08-22T00:00:00,2026-08-22,TXN0256272,PT0137987,LST0137987,AG01176,AG01687,Sandra Rodriguez,469372.69,2026-08-22,2026-10-01,Conventional Mortgage,13.5,5.08,23844.13,WFG National Title,Completed
INSERT,2026-08-22T00:00:00,2026-08-22,TXN0256273,PT0262598,LST0262598,AG00746,AG01744,Cathy Ruiz,399037.76,2026-08-22,2026-10-07,FHA Loan,11.2,4.83,19273.52,Stewart Title,Completed
INSERT,2026-08-22T00:00:00,2026-08-22,TXN0256274,PT0178839,LST0178839,AG02120,AG02360,Hannah Gonzalez,587305.58,2026-08-22,2026-09-17,VA Loan,15.5,5.79,34004.99,Fidelity National Title,Completed
INSERT,2026-08-22T00:00:00,2026-08-22,TXN0256275,PT0558128,LST0558128,AG01095,AG02191,Tina Silva,413597.85,2026-08-22,2026-09-29,Cash,100.0,6.49,26842.5,WFG National Title,Completed
INSERT,2026-08-22T00:00:00,2026-08-22,TXN0256276,PT0553550,LST0553550,AG02378,AG01999,Ronald Taylor,258375.25,2026-08-22,2026-10-17,FHA Loan,21.8,5.83,15063.28,First American Title,Completed
INSERT,2026-08-22T00:00:00,2026-08-22,TXN0256277,PT0551246,LST0551246,AG00961,AG02204,Gary Mercer,1142751.07,2026-08-22,2026-09-07,FHA Loan,20.8,5.73,65479.64,Old Republic Title,Completed
INSERT,2026-08-22T00:00:00,2026-08-22,TXN0256278,PT0524397,LST0524397,AG02461,AG02382,Frank Tran,676626.49,2026-08-22,2026-10-08,FHA Loan,23.8,5.71,38635.37,WFG National Title,Completed
INSERT,2026-08-22T00:00:00,2026-08-22,TXN0256279,PT0507487,LST0507487,AG00447,AG01963,Emily Alvarez,273686.11,2026-08-22,2026-09-12,Jumbo Loan,11.2,5.62,15381.16,Fidelity National Title,Completed
INSERT,2026-08-22T00:00:00,2026-08-22,TXN0256280,PT0288654,LST0288654,AG00704,AG02752,Wesley Johnson,856681.37,2026-08-22,2026-09-21,VA Loan,7.5,4.56,39064.67,Old Republic Title,Completed
INSERT,2026-08-22T00:00:00,2026-08-22,TXN0256281,PT0172247,LST0172247,AG01739,AG01545,Robert Ortiz,1190910.06,2026-08-22,2026-09-11,Conventional Mortgage,15.6,5.89,70144.6,Fidelity National Title,Completed
INSERT,2026-08-22T00:00:00,2026-08-22,TXN0256282,PT0178609,LST0178609,AG00570,AG01989,Jason Long,1090144.09,2026-08-22,2026-10-06,VA Loan,6.2,5.97,65081.6,Chicago Title,Completed
INSERT,2026-08-22T00:00:00,2026-08-22,TXN0256283,PT0553676,LST0553676,AG00976,AG01850,Brian Campbell,116825.7,2026-08-22,2026-10-09,Conventional Mortgage,6.4,5.19,6063.25,Old Republic Title,Completed
INSERT,2026-08-22T00:00:00,2026-08-22,TXN0256284,PT0225101,LST0225101,AG02371,AG00152,Kirsten Clarke,1844511.25,2026-08-22,2026-09-30,VA Loan,16.0,6.3,116204.21,Chicago Title,Completed
INSERT,2026-08-22T00:00:00,2026-08-22,TXN0256285,PT0392465,LST0392465,AG01427,AG01860,Brandon Chen,227023.3,2026-08-22,2026-10-15,Jumbo Loan,5.9,6.24,14166.25,WFG National Title,Completed
INSERT,2026-08-22T00:00:00,2026-08-22,TXN0256286,PT0270574,LST0270574,AG00993,AG00293,Kelly Mcdonald,274610.11,2026-08-22,2026-10-11,Cash,100.0,5.1,14005.12,Chicago Title,Completed
INSERT,2026-08-22T00:00:00,2026-08-22,TXN0256287,PT0475366,LST0475366,AG01936,AG02620,Alejandro Bowen,380201.79,2026-08-22,2026-09-12,Conventional Mortgage,10.5,5.49,20873.08,Chicago Title,Completed
INSERT,2026-08-22T00:00:00,2026-08-22,TXN0256288,PT0070809,LST0070809,AG02618,AG02737,Margaret Parker,401557.99,2026-08-22,2026-10-12,FHA Loan,7.0,6.41,25739.87,Stewart Title,Completed
INSERT,2026-08-22T00:00:00,2026-08-22,TXN0256289,PT0282021,LST0282021,AG00938,AG02344,Adam Cooper PhD,502342.94,2026-08-22,2026-09-21,Conventional Mortgage,10.0,5.17,25971.13,Fidelity National Title,Completed
INSERT,2026-08-22T00:00:00,2026-08-22,TXN0256290,PT0258983,LST0258983,AG00342,AG02293,Jennifer Miles,408566.65,2026-08-22,2026-09-11,Conventional Mortgage,18.2,6.01,24554.86,Old Republic Title,Completed
INSERT,2026-08-22T00:00:00,2026-08-22,TXN0256291,PT0458156,LST0458156,AG01581,AG01243,Robin White,456178.85,2026-08-22,2026-10-11,Conventional Mortgage,18.5,6.24,28465.56,WFG National Title,Completed
INSERT,2026-08-22T00:00:00,2026-08-22,TXN0256292,PT0211591,LST0211591,AG00199,AG01098,Sarah Walker,699747.23,2026-08-22,2026-10-19,Conventional Mortgage,8.7,5.56,38905.95,Stewart Title,Completed
INSERT,2026-08-22T00:00:00,2026-08-22,TXN0256293,PT0201728,LST0201728,AG02558,AG01098,Kathleen Rodriguez,65884.04,2026-08-22,2026-09-27,Cash,100.0,5.99,3946.45,WFG National Title,Completed
INSERT,2026-08-22T00:00:00,2026-08-22,TXN0256294,PT0415240,LST0415240,AG00161,AG00530,Grant Jones,718186.79,2026-08-22,2026-10-04,Conventional Mortgage,19.0,6.14,44096.67,Fidelity National Title,Completed
INSERT,2026-08-22T00:00:00,2026-08-22,TXN0256295,PT0514964,LST0514964,AG01672,AG00211,Karen Thomas,362245.03,2026-08-22,2026-09-10,Jumbo Loan,17.9,5.22,18909.19,WFG National Title,Completed
INSERT,2026-08-22T00:00:00,2026-08-22,TXN0256296,PT0391233,LST0391233,AG01085,AG00179,Nicole Thomas,652165.33,2026-08-22,2026-09-15,FHA Loan,9.3,5.51,35934.31,WFG National Title,Completed
INSERT,2026-08-22T00:00:00,2026-08-22,TXN0256297,PT0464846,LST0464846,AG01680,AG02935,Isaac Ramirez,276149.0,2026-08-22,2026-10-14,FHA Loan,19.7,5.43,14994.89,First American Title,Completed
INSERT,2026-08-22T00:00:00,2026-08-22,TXN0256298,PT0025178,LST0025178,AG01814,AG00139,Marisa Conley,792231.28,2026-08-22,2026-09-24,Cash,100.0,5.12,40562.24,Old Republic Title,Completed
INSERT,2026-08-22T00:00:00,2026-08-22,TXN0256299,PT0224962,LST0224962,AG00264,AG01393,Sherri Ford,502856.99,2026-08-22,2026-09-07,Conventional Mortgage,4.9,6.01,30221.71,WFG National Title,Completed
INSERT,2026-08-22T00:00:00,2026-08-22,TXN0256300,PT0259419,LST0259419,AG01564,AG01132,Chloe Jimenez,286349.21,2026-08-22,2026-10-15,Conventional Mortgage,4.4,5.25,15033.33,WFG National Title,Completed
INSERT,2026-08-22T00:00:00,2026-08-22,TXN0256301,PT0163498,LST0163498,AG02476,AG00013,Caleb Arias,440966.06,2026-08-22,2026-10-06,VA Loan,17.9,5.88,25928.8,Old Republic Title,Completed
INSERT,2026-08-22T00:00:00,2026-08-22,TXN0256302,PT0271372,LST0271372,AG02989,AG00395,Jonathan Prince,329216.36,2026-08-22,2026-09-24,FHA Loan,10.7,5.24,17250.94,Fidelity National Title,Completed
INSERT,2026-08-22T00:00:00,2026-08-22,TXN0256303,PT0537626,LST0537626,AG01500,AG02093,Jennifer Mckee,1132415.59,2026-08-22,2026-10-07,FHA Loan,20.7,5.69,64434.45,First American Title,Completed
INSERT,2026-08-22T00:00:00,2026-08-22,TXN0256304,PT0028489,LST0028489,AG02663,AG00296,Tiffany Duran,489993.97,2026-08-22,2026-10-06,Conventional Mortgage,20.8,4.64,22735.72,First American Title,Completed
INSERT,2026-08-22T00:00:00,2026-08-22,TXN0256305,PT0280295,LST0280295,AG01733,AG00897,Victoria Bentley,154293.49,2026-08-22,2026-10-13,Jumbo Loan,21.5,4.55,7020.35,Old Republic Title,Completed
INSERT,2026-08-22T00:00:00,2026-08-22,TXN0256306,PT0453891,LST0453891,AG02890,AG02623,Brian Trujillo,252415.41,2026-08-22,2026-10-09,FHA Loan,20.1,5.86,14791.54,Stewart Title,Completed
INSERT,2026-08-22T00:00:00,2026-08-22,TXN0256307,PT0197555,LST0197555,AG01270,AG00340,Jared Williams,262067.22,2026-08-22,2026-10-14,Conventional Mortgage,14.7,5.05,13234.39,Old Republic Title,Completed
INSERT,2026-08-22T00:00:00,2026-08-22,TXN0256308,PT0133370,LST0133370,AG00964,AG00661,Nicholas West,415821.59,2026-08-22,2026-09-25,FHA Loan,16.3,5.44,22620.69,Chicago Title,Completed
INSERT,2026-08-22T00:00:00,2026-08-22,TXN0256309,PT0129561,LST0129561,AG02984,AG02502,David Jimenez,1247023.98,2026-08-22,2026-10-11,VA Loan,20.4,6.11,76193.17,Fidelity National Title,Completed
INSERT,2026-08-22T00:00:00,2026-08-22,TXN0256310,PT0515332,LST0515332,AG02589,AG02076,Zoe Gutierrez,436707.96,2026-08-22,2026-10-09,Conventional Mortgage,22.8,5.25,22927.17,Fidelity National Title,Completed
INSERT,2026-08-22T00:00:00,2026-08-22,TXN0256311,PT0012638,LST0012638,AG01688,AG01100,Yolanda Miller,114386.41,2026-08-22,2026-09-17,Jumbo Loan,13.5,6.14,7023.33,WFG National Title,Completed
INSERT,2026-08-22T00:00:00,2026-08-22,TXN0256312,PT0125915,LST0125915,AG02734,AG01795,Mary Washington,408329.79,2026-08-22,2026-09-21,Conventional Mortgage,14.0,6.3,25724.78,WFG National Title,Completed
INSERT,2026-08-22T00:00:00,2026-08-22,TXN0256313,PT0096856,LST0096856,AG00976,AG02666,Jenny Greer,763999.49,2026-08-22,2026-09-12,Conventional Mortgage,20.4,4.98,38047.17,First American Title,Completed
INSERT,2026-08-22T00:00:00,2026-08-22,TXN0256314,PT0085946,LST0085946,AG01781,AG01785,Laura Aguilar,366871.06,2026-08-22,2026-10-20,Conventional Mortgage,24.4,5.52,20251.28,Old Republic Title,Completed
INSERT,2026-08-22T00:00:00,2026-08-22,TXN0256315,PT0556234,LST0556234,AG01499,AG00065,Mary Wallace,1182562.52,2026-08-22,2026-09-24,Conventional Mortgage,20.4,5.42,64094.89,WFG National Title,Completed
INSERT,2026-08-22T00:00:00,2026-08-22,TXN0256316,PT0206925,LST0206925,AG00050,AG00500,Robert Smith,559446.1,2026-08-22,2026-10-02,Cash,100.0,4.57,25566.69,Stewart Title,Completed
INSERT,2026-08-22T00:00:00,2026-08-22,TXN0256317,PT0347972,LST0347972,AG01254,AG02700,Angela Rivera,398058.74,2026-08-22,2026-10-19,Conventional Mortgage,10.1,5.17,20579.64,Old Republic Title,Completed
INSERT,2026-08-22T00:00:00,2026-08-22,TXN0256318,PT0523986,LST0523986,AG01165,AG01302,John Meyers,454484.01,2026-08-22,2026-09-29,Conventional Mortgage,22.1,6.33,28768.84,Old Republic Title,Completed
INSERT,2026-08-22T00:00:00,2026-08-22,TXN0256319,PT0402313,LST0402313,AG01499,AG00643,William Brooks,568653.7,2026-08-22,2026-09-15,Conventional Mortgage,16.9,5.46,31048.49,Old Republic Title,Completed
INSERT,2026-08-22T00:00:00,2026-08-22,TXN0256320,PT0380273,LST0380273,AG01039,AG01721,Caitlyn Johnson,343642.51,2026-08-22,2026-10-13,VA Loan,18.8,5.94,20412.37,Chicago Title,Completed
INSERT,2026-08-22T00:00:00,2026-08-22,TXN0256321,PT0423524,LST0423524,AG00147,AG02180,James David,259285.93,2026-08-22,2026-10-12,FHA Loan,13.0,6.07,15738.66,Old Republic Title,Completed
INSERT,2026-08-22T00:00:00,2026-08-22,TXN0256322,PT0520996,LST0520996,AG01223,AG01933,Kristina Solis,728231.68,2026-08-22,2026-09-24,Conventional Mortgage,21.1,5.7,41509.21,Chicago Title,Completed
INSERT,2026-08-22T00:00:00,2026-08-22,TXN0256323,PT0200872,LST0200872,AG00779,AG02542,Abigail Haynes,238760.74,2026-08-22,2026-10-19,VA Loan,11.4,4.77,11388.89,First American Title,Completed
INSERT,2026-08-22T00:00:00,2026-08-22,TXN0256324,PT0179903,LST0179903,AG00114,AG01635,Deborah Jenkins,410533.36,2026-08-22,2026-10-09,Conventional Mortgage,12.4,5.75,23605.67,Fidelity National Title,Completed
INSERT,2026-08-22T00:00:00,2026-08-22,TXN0256325,PT0409551,LST0409551,AG01680,AG00379,Karen Mckay,194063.04,2026-08-22,2026-09-21,Conventional Mortgage,14.9,4.74,9198.59,First American Title,Completed
INSERT,2026-08-22T00:00:00,2026-08-22,TXN0256326,PT0393874,LST0393874,AG01533,AG00673,Brianna Hardin,906060.94,2026-08-22,2026-09-14,Conventional Mortgage,5.1,5.39,48836.68,Fidelity National Title,Completed
INSERT,2026-08-22T00:00:00,2026-08-22,TXN0256327,PT0527678,LST0527678,AG02486,AG00627,Susan Brown,464289.41,2026-08-22,2026-10-11,Conventional Mortgage,17.2,6.49,30132.38,Stewart Title,Completed
INSERT,2026-08-22T00:00:00,2026-08-22,TXN0256328,PT0416815,LST0416815,AG02243,AG02636,Mary Moore,215011.03,2026-08-22,2026-10-02,Conventional Mortgage,11.8,4.88,10492.54,Stewart Title,Completed
INSERT,2026-08-22T00:00:00,2026-08-22,TXN0256329,PT0289226,LST0289226,AG00667,AG02361,Michaela Cantu,473240.42,2026-08-22,2026-10-02,Conventional Mortgage,23.9,5.99,28347.1,Chicago Title,Completed
INSERT,2026-08-22T00:00:00,2026-08-22,TXN0256330,PT0204503,LST0204503,AG02173,AG02230,Austin Dickson,224901.38,2026-08-22,2026-10-14,VA Loan,7.5,5.03,11312.54,Old Republic Title,Completed
INSERT,2026-08-22T00:00:00,2026-08-22,TXN0256331,PT0406654,LST0406654,AG01614,AG00505,Benjamin Davis,4411885.04,2026-08-22,2026-10-01,FHA Loan,22.0,4.84,213535.24,Chicago Title,Completed
INSERT,2026-08-22T00:00:00,2026-08-22,TXN0256332,PT0323820,LST0323820,AG01880,AG00203,Jonathan Beck,326510.24,2026-08-22,2026-09-23,Conventional Mortgage,4.0,6.29,20537.49,Chicago Title,Completed
INSERT,2026-08-22T00:00:00,2026-08-22,TXN0256333,PT0160630,LST0160630,AG00810,AG01452,Mandy Carter,493913.16,2026-08-22,2026-10-16,Jumbo Loan,22.8,5.65,27906.09,Old Republic Title,Completed
INSERT,2026-08-22T00:00:00,2026-08-22,TXN0256334,PT0210362,LST0210362,AG00746,AG00660,Samuel Robinson,419576.02,2026-08-22,2026-10-15,Conventional Mortgage,3.4,6.35,26643.08,Fidelity National Title,Completed
INSERT,2026-08-22T00:00:00,2026-08-22,TXN0256335,PT0514391,LST0514391,AG01159,AG02945,Paige Gutierrez,698985.19,2026-08-22,2026-09-17,Cash,100.0,6.17,43127.39,First American Title,Completed
INSERT,2026-08-22T00:00:00,2026-08-22,TXN0256336,PT0100922,LST0100922,AG00519,AG02122,Rebecca Andrade DVM,172349.65,2026-08-22,2026-10-12,Cash,100.0,5.68,9789.46,First American Title,Completed
INSERT,2026-08-22T00:00:00,2026-08-22,TXN0256337,PT0456277,LST0456277,AG02052,AG00043,Tiffany Martin,1686993.38,2026-08-22,2026-09-13,Jumbo Loan,14.3,4.87,82156.58,First American Title,Completed
INSERT,2026-08-22T00:00:00,2026-08-22,TXN0256338,PT0015765,LST0015765,AG01937,AG00728,Kimberly Gomez,507608.6,2026-08-22,2026-10-13,VA Loan,12.0,5.75,29187.49,Fidelity National Title,Completed
INSERT,2026-08-22T00:00:00,2026-08-22,TXN0256339,PT0082527,LST0082527,AG02329,AG01867,Amanda Shepherd,957902.52,2026-08-22,2026-10-13,Conventional Mortgage,12.0,6.04,57857.31,Fidelity National Title,Completed
INSERT,2026-08-22T00:00:00,2026-08-22,TXN0256340,PT0538974,LST0538974,AG00806,AG00584,Leslie Thompson,439245.34,2026-08-22,2026-09-29,Jumbo Loan,13.5,6.0,26354.72,First American Title,Completed
INSERT,2026-08-22T00:00:00,2026-08-22,TXN0256341,PT0212051,LST0212051,AG02192,AG00145,Donna Orozco,546631.35,2026-08-22,2026-09-28,Conventional Mortgage,18.3,5.14,28096.85,Old Republic Title,Completed
INSERT,2026-08-22T00:00:00,2026-08-22,TXN0256342,PT0504604,LST0504604,AG01855,AG01338,Trevor Parker,73079.91,2026-08-22,2026-10-08,Jumbo Loan,23.7,5.02,3668.61,First American Title,Completed
INSERT,2026-08-22T00:00:00,2026-08-22,TXN0256343,PT0318344,LST0318344,AG01259,AG01152,Kyle Smith,647440.31,2026-08-22,2026-09-23,FHA Loan,8.1,6.06,39234.88,Fidelity National Title,Completed
INSERT,2026-08-22T00:00:00,2026-08-22,TXN0256344,PT0253402,LST0253402,AG01807,AG00540,Daniel Mccullough,289233.84,2026-08-22,2026-10-14,FHA Loan,17.5,4.77,13796.45,First American Title,Completed
INSERT,2026-08-22T00:00:00,2026-08-22,TXN0256345,PT0532174,LST0532174,AG01441,AG00221,Samuel Rios,170411.84,2026-08-22,2026-10-01,FHA Loan,3.8,5.93,10105.42,Chicago Title,Completed
INSERT,2026-08-22T00:00:00,2026-08-22,TXN0256346,PT0252956,LST0252956,AG00648,AG02858,Cynthia Smith,293444.11,2026-08-22,2026-09-12,Cash,100.0,4.62,13557.12,Chicago Title,Completed
INSERT,2026-08-22T00:00:00,2026-08-22,TXN0256347,PT0189845,LST0189845,AG02766,AG00049,Emily Jones,712533.25,2026-08-22,2026-09-06,Conventional Mortgage,20.2,6.39,45530.87,WFG National Title,Completed
INSERT,2026-08-22T00:00:00,2026-08-22,TXN0256348,PT0049729,LST0049729,AG01579,AG01943,David Brown,487826.59,2026-08-22,2026-10-14,Cash,100.0,5.29,25806.03,Fidelity National Title,Completed
INSERT,2026-08-22T00:00:00,2026-08-22,TXN0256349,PT0208208,LST0208208,AG02509,AG00487,Jonathon Collins,465877.7,2026-08-22,2026-10-17,Cash,100.0,4.54,21150.85,WFG National Title,Completed
INSERT,2026-08-22T00:00:00,2026-08-22,TXN0256350,PT0333674,LST0333674,AG01723,AG00698,Caleb Vasquez,379730.7,2026-08-22,2026-10-18,Conventional Mortgage,22.4,5.67,21530.73,WFG National Title,Completed
INSERT,2026-08-22T00:00:00,2026-08-22,TXN0256351,PT0133102,LST0133102,AG02653,AG02207,Emily Sherman,532990.67,2026-08-22,2026-10-05,Conventional Mortgage,7.0,6.08,32405.83,Stewart Title,Completed
INSERT,2026-08-22T00:00:00,2026-08-22,TXN0256352,PT0047052,LST0047052,AG01633,AG02955,Emily Miles,183489.27,2026-08-22,2026-09-19,FHA Loan,7.2,5.49,10073.56,Chicago Title,Completed
INSERT,2026-08-22T00:00:00,2026-08-22,TXN0256353,PT0514732,LST0514732,AG00487,AG01001,Joanne Mcmillan,335502.83,2026-08-22,2026-10-03,Conventional Mortgage,10.5,4.56,15298.93,First American Title,Completed
INSERT,2026-08-22T00:00:00,2026-08-22,TXN0256354,PT0190693,LST0190693,AG02190,AG02996,Travis Harris,256312.99,2026-08-22,2026-09-07,FHA Loan,16.3,4.6,11790.4,Old Republic Title,Completed
INSERT,2026-08-22T00:00:00,2026-08-22,TXN0256355,PT0205250,LST0205250,AG02397,AG02215,Samantha Jackson,362052.47,2026-08-22,2026-09-14,Conventional Mortgage,3.7,5.07,18356.06,Old Republic Title,Completed
INSERT,2026-08-22T00:00:00,2026-08-22,TXN0256356,PT0047491,LST0047491,AG02158,AG01277,Maria Mitchell,362586.47,2026-08-22,2026-10-20,FHA Loan,8.5,5.62,20377.36,Old Republic Title,Completed
INSERT,2026-08-22T00:00:00,2026-08-22,TXN0256357,PT0293107,LST0293107,AG01420,AG01609,James Mays,465842.52,2026-08-22,2026-10-09,Cash,100.0,5.0,23292.13,Chicago Title,Completed
INSERT,2026-08-22T00:00:00,2026-08-22,TXN0256358,PT0455644,LST0455644,AG01610,AG00017,Lori Love,240885.22,2026-08-22,2026-09-29,VA Loan,14.3,5.29,12742.83,Stewart Title,Completed
INSERT,2026-08-22T00:00:00,2026-08-22,TXN0256359,PT0445532,LST0445532,AG02851,AG02843,Lauren Grant,626903.84,2026-08-22,2026-09-13,Conventional Mortgage,21.1,5.26,32975.14,First American Title,Completed
INSERT,2026-08-22T00:00:00,2026-08-22,TXN0256360,PT0063345,LST0063345,AG00069,AG01103,Charles Johnson,704666.53,2026-08-22,2026-10-12,Jumbo Loan,22.0,5.46,38474.79,Old Republic Title,Completed
INSERT,2026-08-22T00:00:00,2026-08-22,TXN0256361,PT0524256,LST0524256,AG01816,AG02386,Alexis Christian,1357419.62,2026-08-22,2026-10-03,FHA Loan,12.6,5.21,70721.56,Stewart Title,Completed
INSERT,2026-08-22T00:00:00,2026-08-22,TXN0256362,PT0147067,LST0147067,AG01286,AG00265,Matthew Martinez,584656.87,2026-08-22,2026-10-20,FHA Loan,18.7,6.23,36424.12,WFG National Title,Completed
INSERT,2026-08-22T00:00:00,2026-08-22,TXN0256363,PT0510864,LST0510864,AG02457,AG00793,Jared Garcia,189709.05,2026-08-22,2026-09-14,VA Loan,7.6,6.4,12141.38,Old Republic Title,Completed
INSERT,2026-08-22T00:00:00,2026-08-22,TXN0256364,PT0389040,LST0389040,AG02506,AG00252,Jenna Gardner,469834.68,2026-08-22,2026-10-15,VA Loan,3.7,5.75,27015.49,Old Republic Title,Completed
INSERT,2026-08-22T00:00:00,2026-08-22,TXN0256365,PT0456289,LST0456289,AG01268,AG02110,Nicole Phelps,904506.42,2026-08-22,2026-09-14,Conventional Mortgage,17.7,5.17,46762.98,Fidelity National Title,Completed
INSERT,2026-08-22T00:00:00,2026-08-22,TXN0256366,PT0431055,LST0431055,AG02925,AG00394,James Meyer,279297.97,2026-08-22,2026-09-28,Cash,100.0,6.23,17400.26,Old Republic Title,Completed
INSERT,2026-08-22T00:00:00,2026-08-22,TXN0256367,PT0114032,LST0114032,AG01005,AG01980,Ross Rubio,469484.14,2026-08-22,2026-09-28,Conventional Mortgage,14.0,5.56,26103.32,Fidelity National Title,Completed
INSERT,2026-08-22T00:00:00,2026-08-22,TXN0256368,PT0128050,LST0128050,AG01878,AG02485,Linda Martin,247691.71,2026-08-22,2026-10-10,Conventional Mortgage,4.4,6.18,15307.35,Old Republic Title,Completed
INSERT,2026-08-22T00:00:00,2026-08-22,TXN0256369,PT0005299,LST0005299,AG01054,AG02816,Whitney Johnson,560498.16,2026-08-22,2026-09-11,Cash,100.0,4.52,25334.52,Fidelity National Title,Completed
INSERT,2026-08-22T00:00:00,2026-08-22,TXN0256370,PT0110373,LST0110373,AG01901,AG01098,Robert Valentine,1006739.55,2026-08-22,2026-09-30,Conventional Mortgage,20.3,6.07,61109.09,Chicago Title,Completed
INSERT,2026-08-22T00:00:00,2026-08-22,TXN0256371,PT0138418,LST0138418,AG00260,AG00737,Danny Barnes,428502.4,2026-08-22,2026-09-16,Conventional Mortgage,17.4,5.54,23739.03,WFG National Title,Completed
INSERT,2026-08-22T00:00:00,2026-08-22,TXN0256372,PT0415014,LST0415014,AG00447,AG02792,Charles Turner,1146403.51,2026-08-22,2026-09-08,VA Loan,8.4,5.33,61103.31,WFG National Title,Completed
INSERT,2026-08-22T00:00:00,2026-08-22,TXN0256373,PT0389108,LST0389108,AG02438,AG02833,Tiffany Harris,233975.46,2026-08-22,2026-09-24,Conventional Mortgage,17.4,4.62,10809.67,Fidelity National Title,Completed
INSERT,2026-08-22T00:00:00,2026-08-22,TXN0256374,PT0417959,LST0417959,AG00509,AG01496,Steven Johnson,272891.66,2026-08-22,2026-09-08,Conventional Mortgage,16.8,4.54,12389.28,Stewart Title,Completed
INSERT,2026-08-22T00:00:00,2026-08-22,TXN0256375,PT0495103,LST0495103,AG02719,AG00023,Cynthia Berry,378251.33,2026-08-22,2026-10-02,Conventional Mortgage,7.2,6.28,23754.18,WFG National Title,Completed
INSERT,2026-08-22T00:00:00,2026-08-22,TXN0256376,PT0551022,LST0551022,AG00927,AG02446,Richard Jones,238259.18,2026-08-22,2026-10-11,VA Loan,22.4,5.8,13819.03,Fidelity National Title,Completed
INSERT,2026-08-22T00:00:00,2026-08-22,TXN0256377,PT0407031,LST0407031,AG01183,AG01485,Katherine Hopkins,523199.91,2026-08-22,2026-09-06,Conventional Mortgage,22.3,4.5,23544.0,Chicago Title,Completed
INSERT,2026-08-22T00:00:00,2026-08-22,TXN0256378,PT0402403,LST0402403,AG02790,AG01261,Alvin Cross,205077.49,2026-08-22,2026-09-30,Conventional Mortgage,23.8,5.52,11320.28,First American Title,Completed
INSERT,2026-08-22T00:00:00,2026-08-22,TXN0256379,PT0523779,LST0523779,AG00620,AG01354,Ronald Martinez,907076.41,2026-08-22,2026-10-05,VA Loan,9.0,4.77,43267.54,Fidelity National Title,Completed
INSERT,2026-08-22T00:00:00,2026-08-22,TXN0256380,PT0535435,LST0535435,AG01532,AG01444,Jamie Hughes,823896.16,2026-08-22,2026-09-14,Conventional Mortgage,8.1,6.32,52070.24,First American Title,Completed
INSERT,2026-08-22T00:00:00,2026-08-22,TXN0256381,PT0484111,LST0484111,AG02274,AG01886,Ronald Parsons,178015.73,2026-08-22,2026-09-14,Conventional Mortgage,24.4,5.22,9292.42,WFG National Title,Completed
INSERT,2026-08-22T00:00:00,2026-08-22,TXN0256382,PT0551058,LST0551058,AG01835,AG02334,Angel Johnson,309316.63,2026-08-22,2026-09-22,FHA Loan,16.7,5.82,18002.23,Stewart Title,Completed
INSERT,2026-08-22T00:00:00,2026-08-22,TXN0256383,PT0134398,LST0134398,AG00447,AG00845,Mike Brown,399484.44,2026-08-22,2026-10-04,Conventional Mortgage,5.9,5.01,20014.17,Stewart Title,Completed
INSERT,2026-08-22T00:00:00,2026-08-22,TXN0256384,PT0094675,LST0094675,AG02813,AG02302,James Johnson,1119788.66,2026-08-22,2026-10-11,Conventional Mortgage,8.6,5.44,60916.5,Fidelity National Title,Completed
INSERT,2026-08-22T00:00:00,2026-08-22,TXN0256385,PT0282738,LST0282738,AG00639,AG02375,Gregory Washington,1027936.97,2026-08-22,2026-10-03,Conventional Mortgage,23.4,5.11,52527.58,WFG National Title,Completed
INSERT,2026-08-22T00:00:00,2026-08-22,TXN0256386,PT0167689,LST0167689,AG00389,AG00661,Daniel Lynch,873729.47,2026-08-22,2026-09-26,VA Loan,8.0,5.27,46045.54,WFG National Title,Completed
INSERT,2026-08-22T00:00:00,2026-08-22,TXN0256387,PT0254046,LST0254046,AG00609,AG01815,Dr. Jon Scott,679368.66,2026-08-22,2026-10-16,FHA Loan,16.4,5.52,37501.15,Chicago Title,Completed
INSERT,2026-08-22T00:00:00,2026-08-22,TXN0256388,PT0387716,LST0387716,AG02129,AG00960,Nicole Strong,262696.53,2026-08-22,2026-09-06,Conventional Mortgage,17.3,5.43,14264.42,Stewart Title,Completed
INSERT,2026-08-22T00:00:00,2026-08-22,TXN0256389,PT0101456,LST0101456,AG01128,AG00672,Melissa Wiley,220565.89,2026-08-22,2026-10-07,Cash,100.0,5.28,11645.88,Fidelity National Title,Completed
INSERT,2026-08-22T00:00:00,2026-08-22,TXN0256390,PT0401250,LST0401250,AG02228,AG00179,Shane Elliott,1915934.62,2026-08-22,2026-09-12,VA Loan,11.4,5.39,103268.88,Old Republic Title,Completed
INSERT,2026-08-22T00:00:00,2026-08-22,TXN0256391,PT0117379,LST0117379,AG01434,AG02322,Melissa Mason,66028.76,2026-08-22,2026-10-05,VA Loan,6.6,4.62,3050.53,Stewart Title,Completed
INSERT,2026-08-22T00:00:00,2026-08-22,TXN0256392,PT0540428,LST0540428,AG02098,AG00876,Martin Gray,136855.27,2026-08-22,2026-09-11,Cash,100.0,5.17,7075.42,Stewart Title,Completed
INSERT,2026-08-22T00:00:00,2026-08-22,TXN0256393,PT0075020,LST0075020,AG01415,AG00251,Michael Smith,401935.53,2026-08-22,2026-10-20,Cash,100.0,5.93,23834.78,WFG National Title,Completed
INSERT,2026-08-22T00:00:00,2026-08-22,TXN0256394,PT0171252,LST0171252,AG01449,AG01196,Brandon Barnett,378635.03,2026-08-22,2026-09-07,Jumbo Loan,5.8,5.68,21506.47,Fidelity National Title,Completed
INSERT,2026-08-22T00:00:00,2026-08-22,TXN0256395,PT0546153,LST0546153,AG01504,AG02834,Lauren Taylor,196602.78,2026-08-22,2026-10-16,Conventional Mortgage,14.4,5.01,9849.8,WFG National Title,Completed
INSERT,2026-08-22T00:00:00,2026-08-22,TXN0256396,PT0241989,LST0241989,AG00616,AG02213,Kayla Sawyer,1304531.83,2026-08-22,2026-09-12,FHA Loan,5.2,5.92,77228.28,Stewart Title,Completed
INSERT,2026-08-22T00:00:00,2026-08-22,TXN0256397,PT0144599,LST0144599,AG01133,AG01497,Paula Brown,781279.11,2026-08-22,2026-09-15,Cash,100.0,6.28,49064.33,First American Title,Completed
INSERT,2026-08-22T00:00:00,2026-08-22,TXN0256398,PT0370060,LST0370060,AG00005,AG00651,Kimberly Martinez DDS,258682.33,2026-08-22,2026-09-17,Conventional Mortgage,15.7,6.31,16322.86,Chicago Title,Completed
INSERT,2026-08-22T00:00:00,2026-08-22,TXN0256399,PT0217695,LST0217695,AG01585,AG00061,Karen Richardson,2790969.42,2026-08-22,2026-09-30,Cash,100.0,5.36,149595.96,Fidelity National Title,Completed
INSERT,2026-08-22T00:00:00,2026-08-22,TXN0256400,PT0513013,LST0513013,AG01260,AG02286,Michael Gardner,952249.03,2026-08-22,2026-10-12,Cash,100.0,5.4,51421.45,Old Republic Title,Completed
INSERT,2026-08-22T00:00:00,2026-08-22,TXN0256401,PT0100593,LST0100593,AG02465,AG01650,Karen Sexton,145068.85,2026-08-22,2026-09-26,VA Loan,10.4,4.54,6586.13,First American Title,Completed
INSERT,2026-08-22T00:00:00,2026-08-22,TXN0256402,PT0207439,LST0207439,AG00595,AG02835,Lisa Brown,231986.24,2026-08-22,2026-10-12,Conventional Mortgage,12.8,6.14,14243.96,First American Title,Completed
INSERT,2026-08-22T00:00:00,2026-08-22,TXN0256403,PT0541892,LST0541892,AG01133,AG02563,Andrew James,374377.59,2026-08-22,2026-09-19,Jumbo Loan,12.6,4.56,17071.62,Old Republic Title,Completed
INSERT,2026-08-22T00:00:00,2026-08-22,TXN0256404,PT0422002,LST0422002,AG02172,AG01382,Andrea Parker,176150.86,2026-08-22,2026-09-10,Conventional Mortgage,3.8,6.07,10692.36,Old Republic Title,Completed
INSERT,2026-08-22T00:00:00,2026-08-22,TXN0256405,PT0105766,LST0105766,AG00557,AG02673,David Patton,341217.6,2026-08-22,2026-10-14,Conventional Mortgage,24.3,4.98,16992.64,Chicago Title,Completed
INSERT,2026-08-22T00:00:00,2026-08-22,TXN0256406,PT0464001,LST0464001,AG02206,AG01104,Candice James,1052604.79,2026-08-22,2026-09-07,VA Loan,22.2,5.91,62208.94,Fidelity National Title,Completed
INSERT,2026-08-22T00:00:00,2026-08-22,TXN0256407,PT0146541,LST0146541,AG01787,AG02179,William Hammond,972042.58,2026-08-22,2026-09-23,VA Loan,9.0,5.37,52198.69,Fidelity National Title,Completed
INSERT,2026-08-22T00:00:00,2026-08-22,TXN0256408,PT0553383,LST0553383,AG02901,AG02080,Carmen Mckay,231697.24,2026-08-22,2026-10-16,Cash,100.0,4.55,10542.22,Fidelity National Title,Completed
INSERT,2026-08-22T00:00:00,2026-08-22,TXN0256409,PT0028541,LST0028541,AG00379,AG01629,Rebecca White,291549.92,2026-08-22,2026-09-17,Jumbo Loan,21.0,6.24,18192.72,WFG National Title,Completed
INSERT,2026-08-22T00:00:00,2026-08-22,TXN0256410,PT0535278,LST0535278,AG00546,AG00157,Nicholas Burton,188780.69,2026-08-22,2026-10-12,Conventional Mortgage,16.7,4.88,9212.5,WFG National Title,Completed
INSERT,2026-08-22T00:00:00,2026-08-22,TXN0256411,PT0450719,LST0450719,AG00211,AG01920,Jessica Harvey PhD,913157.65,2026-08-22,2026-09-23,Cash,100.0,5.05,46114.46,Chicago Title,Completed
INSERT,2026-08-22T00:00:00,2026-08-22,TXN0256412,PT0193724,LST0193724,AG00800,AG02804,Dominic King,993056.93,2026-08-22,2026-10-13,Conventional Mortgage,23.6,6.03,59881.33,WFG National Title,Completed
INSERT,2026-08-22T00:00:00,2026-08-22,TXN0256413,PT0552581,LST0552581,AG01959,AG01696,Frances Gregory,37546.97,2026-08-22,2026-10-14,FHA Loan,14.4,6.29,2361.7,First American Title,Completed
INSERT,2026-08-22T00:00:00,2026-08-22,TXN0256414,PT0080218,LST0080218,AG00053,AG01010,Jose Leblanc,1393047.4,2026-08-22,2026-10-16,Cash,100.0,6.09,84836.59,Fidelity National Title,Completed
INSERT,2026-08-22T00:00:00,2026-08-22,TXN0256415,PT0550568,LST0550568,AG00339,AG02914,Brandon Brown,637588.16,2026-08-22,2026-09-26,Cash,100.0,4.66,29711.61,Old Republic Title,Completed
INSERT,2026-08-22T00:00:00,2026-08-22,TXN0256416,PT0534506,LST0534506,AG00525,AG00215,Mrs. Victoria Daniels,307150.53,2026-08-22,2026-09-23,FHA Loan,23.7,5.53,16985.42,Old Republic Title,Completed
INSERT,2026-08-22T00:00:00,2026-08-22,TXN0256417,PT0153293,LST0153293,AG00596,AG01794,Kristina Campbell,4391862.36,2026-08-22,2026-10-16,Conventional Mortgage,3.7,5.7,250336.15,First American Title,Completed
INSERT,2026-08-22T00:00:00,2026-08-22,TXN0256418,PT0018482,LST0018482,AG00634,AG02859,Kimberly Robinson,733199.67,2026-08-22,2026-09-21,FHA Loan,4.9,5.26,38566.3,First American Title,Completed
INSERT,2026-08-22T00:00:00,2026-08-22,TXN0256419,PT0304759,LST0304759,AG01015,AG01838,Brian Barker,299787.67,2026-08-22,2026-09-30,VA Loan,8.5,4.76,14269.89,Chicago Title,Completed
INSERT,2026-08-22T00:00:00,2026-08-22,TXN0256420,PT0427300,LST0427300,AG01787,AG00863,Vickie Morrow,912956.41,2026-08-22,2026-09-16,Jumbo Loan,23.4,5.57,50851.67,Chicago Title,Completed
INSERT,2026-08-22T00:00:00,2026-08-22,TXN0256421,PT0356241,LST0356241,AG00896,AG00431,Albert Lopez,236053.06,2026-08-22,2026-09-24,Cash,100.0,6.34,14965.76,WFG National Title,Completed
INSERT,2026-08-22T00:00:00,2026-08-22,TXN0256422,PT0299425,LST0299425,AG00890,AG01168,Marilyn Torres,651060.2,2026-08-22,2026-09-19,Conventional Mortgage,24.9,6.43,41863.17,Stewart Title,Completed
INSERT,2026-08-22T00:00:00,2026-08-22,TXN0256423,PT0542258,LST0542258,AG01881,AG00203,Andrew Becker,374659.2,2026-08-22,2026-09-18,Conventional Mortgage,4.7,5.98,22404.62,Chicago Title,Completed
INSERT,2026-08-22T00:00:00,2026-08-22,TXN0256424,PT0507352,LST0507352,AG01716,AG02831,Ellen Jimenez,469084.22,2026-08-22,2026-09-07,Jumbo Loan,3.2,4.53,21249.52,First American Title,Completed
INSERT,2026-08-22T00:00:00,2026-08-22,TXN0256425,PT0557458,LST0557458,AG01661,AG01001,Timothy Lopez,474278.04,2026-08-22,2026-10-11,VA Loan,4.6,5.55,26322.43,Old Republic Title,Completed
INSERT,2026-08-22T00:00:00,2026-08-22,TXN0256426,PT0536194,LST0536194,AG02374,AG01287,Steven Green,245818.56,2026-08-22,2026-10-07,Jumbo Loan,19.0,5.82,14306.64,WFG National Title,Completed
INSERT,2026-08-22T00:00:00,2026-08-22,TXN0256427,PT0431104,LST0431104,AG01439,AG00546,Ronald Carter,457781.4,2026-08-22,2026-09-29,Conventional Mortgage,17.6,4.74,21698.84,Stewart Title,Completed
INSERT,2026-08-22T00:00:00,2026-08-22,TXN0256428,PT0282177,LST0282177,AG00195,AG02562,Samuel Humphrey,74677.99,2026-08-22,2026-09-17,Cash,100.0,4.97,3711.5,Old Republic Title,Completed
INSERT,2026-08-22T00:00:00,2026-08-22,TXN0256429,PT0292449,LST0292449,AG00905,AG02914,Joshua Swanson,1304955.91,2026-08-22,2026-09-26,Conventional Mortgage,16.3,6.4,83517.18,Chicago Title,Completed
INSERT,2026-08-22T00:00:00,2026-08-22,TXN0256430,PT0322818,LST0322818,AG01413,AG00820,Matthew Miller,83904.83,2026-08-22,2026-10-17,Jumbo Loan,20.9,5.66,4749.01,Chicago Title,Completed
INSERT,2026-08-22T00:00:00,2026-08-22,TXN0256431,PT0020058,LST0020058,AG01854,AG00998,Melinda Nelson,692402.09,2026-08-22,2026-09-10,Conventional Mortgage,14.5,4.71,32612.14,First American Title,Completed
INSERT,2026-08-22T00:00:00,2026-08-22,TXN0256432,PT0054526,LST0054526,AG01428,AG01158,Jill Banks,956537.61,2026-08-22,2026-10-16,FHA Loan,3.4,4.69,44861.61,WFG National Title,Completed
INSERT,2026-08-22T00:00:00,2026-08-22,TXN0256433,PT0357179,LST0357179,AG01921,AG02130,Brian Leon,787769.34,2026-08-22,2026-10-02,Conventional Mortgage,11.0,5.33,41988.11,WFG National Title,Completed
INSERT,2026-08-22T00:00:00,2026-08-22,TXN0256434,PT0408671,LST0408671,AG00335,AG02231,Jenny Norman,1185561.94,2026-08-22,2026-10-02,Conventional Mortgage,6.9,4.6,54535.85,Old Republic Title,Completed
INSERT,2026-08-22T00:00:00,2026-08-22,TXN0256435,PT0032680,LST0032680,AG00042,AG01013,Donald Gill,968827.35,2026-08-22,2026-09-12,Conventional Mortgage,13.8,4.71,45631.77,Chicago Title,Completed
INSERT,2026-08-22T00:00:00,2026-08-22,TXN0256436,PT0226322,LST0226322,AG02419,AG02365,Kathryn Mccarthy,68957.42,2026-08-22,2026-09-30,FHA Loan,18.2,6.44,4440.86,WFG National Title,Completed
INSERT,2026-08-22T00:00:00,2026-08-22,TXN0256437,PT0217594,LST0217594,AG01580,AG01477,Lacey Foster,292728.25,2026-08-22,2026-09-13,Cash,100.0,4.7,13758.23,Fidelity National Title,Completed
INSERT,2026-08-22T00:00:00,2026-08-22,TXN0256438,PT0548647,LST0548647,AG00252,AG02378,Mr. Steven Williams III,814540.05,2026-08-22,2026-09-08,Conventional Mortgage,10.8,4.57,37224.48,Old Republic Title,Completed
INSERT,2026-08-22T00:00:00,2026-08-22,TXN0256439,PT0124614,LST0124614,AG00328,AG02686,Timothy Oliver,138832.87,2026-08-22,2026-10-13,FHA Loan,14.7,5.66,7857.94,Old Republic Title,Completed
INSERT,2026-08-22T00:00:00,2026-08-22,TXN0256440,PT0101916,LST0101916,AG02081,AG02904,Sharon Waters,339714.96,2026-08-22,2026-09-14,Conventional Mortgage,23.8,5.65,19193.9,WFG National Title,Completed
INSERT,2026-08-22T00:00:00,2026-08-22,TXN0256441,PT0298243,LST0298243,AG01264,AG01175,Katie Patterson,1057026.1,2026-08-22,2026-09-17,Conventional Mortgage,24.4,6.47,68389.59,WFG National Title,Completed
INSERT,2026-08-22T00:00:00,2026-08-22,TXN0256442,PT0088274,LST0088274,AG02663,AG01686,Nathaniel Gibbs,720230.85,2026-08-22,2026-09-27,Jumbo Loan,6.5,4.95,35651.43,Old Republic Title,Completed
INSERT,2026-08-22T00:00:00,2026-08-22,TXN0256443,PT0548108,LST0548108,AG00285,AG01456,Melanie Bailey,973767.47,2026-08-22,2026-09-20,VA Loan,3.6,5.72,55699.5,Chicago Title,Completed
INSERT,2026-08-22T00:00:00,2026-08-22,TXN0256444,PT0231571,LST0231571,AG02496,AG00180,David Bowen,287416.64,2026-08-22,2026-10-18,Conventional Mortgage,8.1,4.7,13508.58,Old Republic Title,Completed
INSERT,2026-08-22T00:00:00,2026-08-22,TXN0256445,PT0136799,LST0136799,AG01876,AG00732,Laura Obrien,372680.18,2026-08-22,2026-10-20,Conventional Mortgage,6.2,4.76,17739.58,WFG National Title,Completed
INSERT,2026-08-22T00:00:00,2026-08-22,TXN0256446,PT0460679,LST0460679,AG00829,AG02889,Cole Harvey,189116.81,2026-08-22,2026-09-14,Conventional Mortgage,10.0,6.2,11725.24,Old Republic Title,Completed
INSERT,2026-08-22T00:00:00,2026-08-22,TXN0256447,PT0557604,LST0557604,AG01507,AG00669,Julie Reid,2239757.76,2026-08-22,2026-10-08,Jumbo Loan,15.0,4.91,109972.11,Stewart Title,Completed
INSERT,2026-08-22T00:00:00,2026-08-22,TXN0256448,PT0530967,LST0530967,AG01617,AG02719,Jacob Brown,553657.69,2026-08-22,2026-09-13,Conventional Mortgage,9.9,5.4,29897.52,Old Republic Title,Completed
INSERT,2026-08-22T00:00:00,2026-08-22,TXN0256449,PT0094162,LST0094162,AG02817,AG01449,Brianna Cross,981913.6,2026-08-22,2026-09-18,Conventional Mortgage,4.6,5.05,49586.64,Fidelity National Title,Completed
INSERT,2026-08-22T00:00:00,2026-08-22,TXN0256450,PT0447231,LST0447231,AG02820,AG02495,Ruth Humphrey,116324.93,2026-08-22,2026-10-01,Conventional Mortgage,4.7,4.8,5583.6,First American Title,Completed
INSERT,2026-08-22T00:00:00,2026-08-22,TXN0256451,PT0558166,LST0558166,AG02143,AG02657,Gwendolyn Huffman,87375.37,2026-08-22,2026-10-09,FHA Loan,20.7,6.29,5495.91,WFG National Title,Completed
INSERT,2026-08-22T00:00:00,2026-08-22,TXN0256452,PT0560376,LST0560376,AG00078,AG02497,Noah Jenkins,246272.65,2026-08-22,2026-10-08,VA Loan,20.4,5.69,14012.91,Chicago Title,Completed
INSERT,2026-08-22T00:00:00,2026-08-22,TXN0256453,PT0525136,LST0525136,AG02385,AG01639,Stephanie Garcia,1041035.47,2026-08-22,2026-09-08,Conventional Mortgage,20.4,4.51,46950.7,Old Republic Title,Completed
INSERT,2026-08-22T00:00:00,2026-08-22,TXN0256454,PT0325209,LST0325209,AG00893,AG01656,Jennifer Lane,265263.07,2026-08-22,2026-10-08,FHA Loan,24.8,4.7,12467.36,Old Republic Title,Completed
INSERT,2026-08-22T00:00:00,2026-08-22,TXN0256455,PT0442067,LST0442067,AG01387,AG02317,Tiffany Tate,788776.53,2026-08-22,2026-09-30,Cash,100.0,5.95,46932.2,WFG National Title,Completed
